<?xml version="1.0" encoding="UTF-8"?>
<gpx creator="Wikiloc - https://www.wikiloc.com" version="1.1" xmlns="http://www.topografix.com/GPX/1/1" xmlns:xsi="http://www.w3.org/2001/XMLSchema-instance" xsi:schemaLocation="http://www.topografix.com/GPX/1/1 http://www.topografix.com/GPX/1/1/gpx.xsd">
  <metadata>
    <name>Wikiloc - Pian Falzarego - Forcella Lagazuoi - Baracca ufficiali austriaci - Rifugio Lagazuoi</name>
    <author>
      <name>Giulio Favotto</name>
      <link href="https://www.wikiloc.com/wikiloc/user.do?id=23150823">
        <text>Giulio Favotto on Wikiloc</text>
      </link>
    </author>
    <link href="https://www.wikiloc.com/hiking-trails/pian-falzarego-forcella-lagazuoi-baracca-ufficiali-austriaci-rifugio-lagazuoi-289041552">
      <text>Pian Falzarego - Forcella Lagazuoi - Baracca ufficiali austriaci - Rifugio Lagazuoi on Wikiloc</text>
    </link>
    <time>2026-10-02T15:14:42.040Z</time>
  </metadata>
  <trk>
    <name>Pian Falzarego - Forcella Lagazuoi - Baracca ufficiali austriaci - Rifugio Lagazuoi - Wikiloc</name>
    <cmt>Percorso da Pian Falzarego a Rifugio Lagazuoi passando per:
- Forcella Lagazuoi (1.9 km)
- Baracca ufficiali austriaci (2.9 km)</cmt>
    <desc>Percorso da Pian Falzarego a Rifugio Lagazuoi passando per:
- Forcella Lagazuoi (1.9 km)
- Baracca ufficiali austriaci (2.9 km)</desc>
    <trkseg>
      <trkpt lat="46.519974" lon="12.008762">
        <ele>2074.616</ele>
        <time>2026-10-02T12:02:42.001Z</time>
      </trkpt>
      <trkpt lat="46.519962" lon="12.008848">
        <ele>2074.676</ele>
        <time>2026-10-02T12:03:31.999Z</time>
      </trkpt>
      <trkpt lat="46.520006" lon="12.008876">
        <ele>2074.613</ele>
        <time>2026-10-02T12:05:15Z</time>
      </trkpt>
      <trkpt lat="46.520044" lon="12.008916">
        <ele>2074.609</ele>
        <time>2026-10-02T12:05:20Z</time>
      </trkpt>
      <trkpt lat="46.520093" lon="12.008944">
        <ele>2074.533</ele>
        <time>2026-10-02T12:05:31Z</time>
      </trkpt>
      <trkpt lat="46.520108" lon="12.009008">
        <ele>2074.539</ele>
        <time>2026-10-02T12:05:57Z</time>
      </trkpt>
      <trkpt lat="46.520123" lon="12.009073">
        <ele>2074.530</ele>
        <time>2026-10-02T12:06:06Z</time>
      </trkpt>
      <trkpt lat="46.520175" lon="12.009083">
        <ele>2074.571</ele>
        <time>2026-10-02T12:06:15Z</time>
      </trkpt>
      <trkpt lat="46.520228" lon="12.009091">
        <ele>2074.675</ele>
        <time>2026-10-02T12:06:20.001Z</time>
      </trkpt>
      <trkpt lat="46.520258" lon="12.009139">
        <ele>2074.772</ele>
        <time>2026-10-02T12:06:24.001Z</time>
      </trkpt>
      <trkpt lat="46.520287" lon="12.009199">
        <ele>2074.816</ele>
        <time>2026-10-02T12:06:30.001Z</time>
      </trkpt>
      <trkpt lat="46.520325" lon="12.009238">
        <ele>2074.986</ele>
        <time>2026-10-02T12:06:36.001Z</time>
      </trkpt>
      <trkpt lat="46.520364" lon="12.009277">
        <ele>2075.133</ele>
        <time>2026-10-02T12:06:45.001Z</time>
      </trkpt>
      <trkpt lat="46.520404" lon="12.009330">
        <ele>2075.517</ele>
        <time>2026-10-02T12:07:05.001Z</time>
      </trkpt>
      <trkpt lat="46.520440" lon="12.009371">
        <ele>2076.187</ele>
        <time>2026-10-02T12:07:11.001Z</time>
      </trkpt>
      <trkpt lat="46.520472" lon="12.009440">
        <ele>2076.915</ele>
        <time>2026-10-02T12:07:17.001Z</time>
      </trkpt>
      <trkpt lat="46.520505" lon="12.009488">
        <ele>2077.809</ele>
        <time>2026-10-02T12:07:25.001Z</time>
      </trkpt>
      <trkpt lat="46.520515" lon="12.009555">
        <ele>2078.673</ele>
        <time>2026-10-02T12:08:10Z</time>
      </trkpt>
      <trkpt lat="46.520546" lon="12.009492">
        <ele>2079.529</ele>
        <time>2026-10-02T12:09:36.001Z</time>
      </trkpt>
      <trkpt lat="46.520595" lon="12.009503">
        <ele>2080.150</ele>
        <time>2026-10-02T12:09:42.001Z</time>
      </trkpt>
      <trkpt lat="46.520547" lon="12.009514">
        <ele>2081.071</ele>
        <time>2026-10-02T12:09:54.001Z</time>
      </trkpt>
      <trkpt lat="46.520593" lon="12.009538">
        <ele>2082.045</ele>
        <time>2026-10-02T12:10:17.001Z</time>
      </trkpt>
      <trkpt lat="46.520634" lon="12.009592">
        <ele>2082.342</ele>
        <time>2026-10-02T12:10:22.001Z</time>
      </trkpt>
      <trkpt lat="46.520684" lon="12.009627">
        <ele>2082.716</ele>
        <time>2026-10-02T12:10:28.001Z</time>
      </trkpt>
      <trkpt lat="46.520705" lon="12.009689">
        <ele>2083.026</ele>
        <time>2026-10-02T12:10:36.001Z</time>
      </trkpt>
      <trkpt lat="46.520750" lon="12.009689">
        <ele>2083.913</ele>
        <time>2026-10-02T12:10:43.001Z</time>
      </trkpt>
      <trkpt lat="46.520791" lon="12.009733">
        <ele>2085.535</ele>
        <time>2026-10-02T12:10:48.001Z</time>
      </trkpt>
      <trkpt lat="46.520849" lon="12.009751">
        <ele>2086.986</ele>
        <time>2026-10-02T12:10:55.001Z</time>
      </trkpt>
      <trkpt lat="46.520894" lon="12.009751">
        <ele>2088.114</ele>
        <time>2026-10-02T12:10:59.001Z</time>
      </trkpt>
      <trkpt lat="46.520938" lon="12.009714">
        <ele>2089.609</ele>
        <time>2026-10-02T12:11:07Z</time>
      </trkpt>
      <trkpt lat="46.520981" lon="12.009740">
        <ele>2091.015</ele>
        <time>2026-10-02T12:11:12Z</time>
      </trkpt>
      <trkpt lat="46.521024" lon="12.009773">
        <ele>2092.371</ele>
        <time>2026-10-02T12:11:20Z</time>
      </trkpt>
      <trkpt lat="46.521072" lon="12.009770">
        <ele>2093.752</ele>
        <time>2026-10-02T12:11:28Z</time>
      </trkpt>
      <trkpt lat="46.521103" lon="12.009831">
        <ele>2095.073</ele>
        <time>2026-10-02T12:11:34Z</time>
      </trkpt>
      <trkpt lat="46.521149" lon="12.009838">
        <ele>2096.237</ele>
        <time>2026-10-02T12:11:39Z</time>
      </trkpt>
      <trkpt lat="46.521198" lon="12.009864">
        <ele>2097.064</ele>
        <time>2026-10-02T12:11:44Z</time>
      </trkpt>
      <trkpt lat="46.521251" lon="12.009897">
        <ele>2097.948</ele>
        <time>2026-10-02T12:11:51Z</time>
      </trkpt>
      <trkpt lat="46.521295" lon="12.009949">
        <ele>2099.258</ele>
        <time>2026-10-02T12:11:59Z</time>
      </trkpt>
      <trkpt lat="46.521340" lon="12.009892">
        <ele>2101.585</ele>
        <time>2026-10-02T12:12:03Z</time>
      </trkpt>
      <trkpt lat="46.521378" lon="12.009932">
        <ele>2102.732</ele>
        <time>2026-10-02T12:12:10Z</time>
      </trkpt>
      <trkpt lat="46.521426" lon="12.009946">
        <ele>2103.792</ele>
        <time>2026-10-02T12:12:16Z</time>
      </trkpt>
      <trkpt lat="46.521471" lon="12.009965">
        <ele>2104.411</ele>
        <time>2026-10-02T12:12:22Z</time>
      </trkpt>
      <trkpt lat="46.521516" lon="12.009949">
        <ele>2105.709</ele>
        <time>2026-10-02T12:12:46.001Z</time>
      </trkpt>
      <trkpt lat="46.521510" lon="12.010015">
        <ele>2106.945</ele>
        <time>2026-10-02T12:13:05.001Z</time>
      </trkpt>
      <trkpt lat="46.521471" lon="12.009972">
        <ele>2108.381</ele>
        <time>2026-10-02T12:13:50.001Z</time>
      </trkpt>
      <trkpt lat="46.521504" lon="12.009917">
        <ele>2108.812</ele>
        <time>2026-10-02T12:14:06.001Z</time>
      </trkpt>
      <trkpt lat="46.521517" lon="12.009998">
        <ele>2109.323</ele>
        <time>2026-10-02T12:14:24.001Z</time>
      </trkpt>
      <trkpt lat="46.521497" lon="12.010057">
        <ele>2109.697</ele>
        <time>2026-10-02T12:14:29.001Z</time>
      </trkpt>
      <trkpt lat="46.521481" lon="12.010122">
        <ele>2110.084</ele>
        <time>2026-10-02T12:14:33.001Z</time>
      </trkpt>
      <trkpt lat="46.521489" lon="12.010189">
        <ele>2110.028</ele>
        <time>2026-10-02T12:14:38.001Z</time>
      </trkpt>
      <trkpt lat="46.521524" lon="12.010230">
        <ele>2110.248</ele>
        <time>2026-10-02T12:14:48.001Z</time>
      </trkpt>
      <trkpt lat="46.521545" lon="12.010292">
        <ele>2110.385</ele>
        <time>2026-10-02T12:14:58.001Z</time>
      </trkpt>
      <trkpt lat="46.521565" lon="12.010351">
        <ele>2111.017</ele>
        <time>2026-10-02T12:15:05.001Z</time>
      </trkpt>
      <trkpt lat="46.521590" lon="12.010407">
        <ele>2112.087</ele>
        <time>2026-10-02T12:15:13.001Z</time>
      </trkpt>
      <trkpt lat="46.521610" lon="12.010479">
        <ele>2112.815</ele>
        <time>2026-10-02T12:15:21.001Z</time>
      </trkpt>
      <trkpt lat="46.521638" lon="12.010538">
        <ele>2113.609</ele>
        <time>2026-10-02T12:15:30.001Z</time>
      </trkpt>
      <trkpt lat="46.521663" lon="12.010596">
        <ele>2114.353</ele>
        <time>2026-10-02T12:15:38.001Z</time>
      </trkpt>
      <trkpt lat="46.521689" lon="12.010663">
        <ele>2115.339</ele>
        <time>2026-10-02T12:15:46.001Z</time>
      </trkpt>
      <trkpt lat="46.521714" lon="12.010724">
        <ele>2116.480</ele>
        <time>2026-10-02T12:15:55.001Z</time>
      </trkpt>
      <trkpt lat="46.521739" lon="12.010787">
        <ele>2117.381</ele>
        <time>2026-10-02T12:16:04.001Z</time>
      </trkpt>
      <trkpt lat="46.521771" lon="12.010835">
        <ele>2118.345</ele>
        <time>2026-10-02T12:16:12.001Z</time>
      </trkpt>
      <trkpt lat="46.521823" lon="12.010893">
        <ele>2119.532</ele>
        <time>2026-10-02T12:16:18.001Z</time>
      </trkpt>
      <trkpt lat="46.521868" lon="12.010865">
        <ele>2120.526</ele>
        <time>2026-10-02T12:17:20.002Z</time>
      </trkpt>
      <trkpt lat="46.521914" lon="12.010869">
        <ele>2121.516</ele>
        <time>2026-10-02T12:17:47.002Z</time>
      </trkpt>
      <trkpt lat="46.521872" lon="12.010897">
        <ele>2123.163</ele>
        <time>2026-10-02T12:18:01.002Z</time>
      </trkpt>
      <trkpt lat="46.521873" lon="12.010827">
        <ele>2124.513</ele>
        <time>2026-10-02T12:18:29.002Z</time>
      </trkpt>
      <trkpt lat="46.521911" lon="12.010866">
        <ele>2125.143</ele>
        <time>2026-10-02T12:18:46.002Z</time>
      </trkpt>
      <trkpt lat="46.521868" lon="12.010890">
        <ele>2125.407</ele>
        <time>2026-10-02T12:19:03.002Z</time>
      </trkpt>
      <trkpt lat="46.521856" lon="12.010953">
        <ele>2125.409</ele>
        <time>2026-10-02T12:19:20.002Z</time>
      </trkpt>
      <trkpt lat="46.521853" lon="12.011027">
        <ele>2125.163</ele>
        <time>2026-10-02T12:19:26.002Z</time>
      </trkpt>
      <trkpt lat="46.521861" lon="12.011102">
        <ele>2124.859</ele>
        <time>2026-10-02T12:19:33.002Z</time>
      </trkpt>
      <trkpt lat="46.521893" lon="12.011154">
        <ele>2125.120</ele>
        <time>2026-10-02T12:19:44.002Z</time>
      </trkpt>
      <trkpt lat="46.521912" lon="12.011214">
        <ele>2125.171</ele>
        <time>2026-10-02T12:19:53.002Z</time>
      </trkpt>
      <trkpt lat="46.521942" lon="12.011272">
        <ele>2125.685</ele>
        <time>2026-10-02T12:19:59.002Z</time>
      </trkpt>
      <trkpt lat="46.521969" lon="12.011327">
        <ele>2126.932</ele>
        <time>2026-10-02T12:20:04.002Z</time>
      </trkpt>
      <trkpt lat="46.521983" lon="12.011397">
        <ele>2127.966</ele>
        <time>2026-10-02T12:20:09.002Z</time>
      </trkpt>
      <trkpt lat="46.521999" lon="12.011481">
        <ele>2128.856</ele>
        <time>2026-10-02T12:20:15.002Z</time>
      </trkpt>
      <trkpt lat="46.522027" lon="12.011544">
        <ele>2129.693</ele>
        <time>2026-10-02T12:20:22.002Z</time>
      </trkpt>
      <trkpt lat="46.522065" lon="12.011590">
        <ele>2130.392</ele>
        <time>2026-10-02T12:20:30.002Z</time>
      </trkpt>
      <trkpt lat="46.522083" lon="12.011662">
        <ele>2130.973</ele>
        <time>2026-10-02T12:20:36.002Z</time>
      </trkpt>
      <trkpt lat="46.522105" lon="12.011745">
        <ele>2131.620</ele>
        <time>2026-10-02T12:20:42.002Z</time>
      </trkpt>
      <trkpt lat="46.522133" lon="12.011796">
        <ele>2131.809</ele>
        <time>2026-10-02T12:20:47.002Z</time>
      </trkpt>
      <trkpt lat="46.522158" lon="12.011855">
        <ele>2132.251</ele>
        <time>2026-10-02T12:20:54.002Z</time>
      </trkpt>
      <trkpt lat="46.522170" lon="12.011934">
        <ele>2132.427</ele>
        <time>2026-10-02T12:21:01.002Z</time>
      </trkpt>
      <trkpt lat="46.522188" lon="12.011869">
        <ele>2132.688</ele>
        <time>2026-10-02T12:21:56.003Z</time>
      </trkpt>
      <trkpt lat="46.522218" lon="12.011819">
        <ele>2133.119</ele>
        <time>2026-10-02T12:22:07.003Z</time>
      </trkpt>
      <trkpt lat="46.522263" lon="12.011806">
        <ele>2133.943</ele>
        <time>2026-10-02T12:22:32.003Z</time>
      </trkpt>
      <trkpt lat="46.522273" lon="12.011877">
        <ele>2134.860</ele>
        <time>2026-10-02T12:22:46.003Z</time>
      </trkpt>
      <trkpt lat="46.522279" lon="12.011943">
        <ele>2135.664</ele>
        <time>2026-10-02T12:22:56.003Z</time>
      </trkpt>
      <trkpt lat="46.522262" lon="12.012007">
        <ele>2136.144</ele>
        <time>2026-10-02T12:23:20.004Z</time>
      </trkpt>
      <trkpt lat="46.522207" lon="12.011995">
        <ele>2136.151</ele>
        <time>2026-10-02T12:24:24.004Z</time>
      </trkpt>
      <trkpt lat="46.522158" lon="12.011971">
        <ele>2136.194</ele>
        <time>2026-10-02T12:24:32.004Z</time>
      </trkpt>
      <trkpt lat="46.522171" lon="12.011905">
        <ele>2135.857</ele>
        <time>2026-10-02T12:25:05.004Z</time>
      </trkpt>
      <trkpt lat="46.522203" lon="12.011964">
        <ele>2134.822</ele>
        <time>2026-10-02T12:25:32.005Z</time>
      </trkpt>
      <trkpt lat="46.522224" lon="12.012025">
        <ele>2134.609</ele>
        <time>2026-10-02T12:25:46.005Z</time>
      </trkpt>
      <trkpt lat="46.522259" lon="12.012074">
        <ele>2134.621</ele>
        <time>2026-10-02T12:25:50.005Z</time>
      </trkpt>
      <trkpt lat="46.522300" lon="12.012129">
        <ele>2134.697</ele>
        <time>2026-10-02T12:25:55.005Z</time>
      </trkpt>
      <trkpt lat="46.522337" lon="12.012186">
        <ele>2135.228</ele>
        <time>2026-10-02T12:26:00.005Z</time>
      </trkpt>
      <trkpt lat="46.522388" lon="12.012217">
        <ele>2135.899</ele>
        <time>2026-10-02T12:26:06.005Z</time>
      </trkpt>
      <trkpt lat="46.522431" lon="12.012255">
        <ele>2136.423</ele>
        <time>2026-10-02T12:26:10.005Z</time>
      </trkpt>
      <trkpt lat="46.522468" lon="12.012298">
        <ele>2136.850</ele>
        <time>2026-10-02T12:26:14.005Z</time>
      </trkpt>
      <trkpt lat="46.522511" lon="12.012337">
        <ele>2137.024</ele>
        <time>2026-10-02T12:26:20.005Z</time>
      </trkpt>
      <trkpt lat="46.522556" lon="12.012376">
        <ele>2137.334</ele>
        <time>2026-10-02T12:26:24.005Z</time>
      </trkpt>
      <trkpt lat="46.522597" lon="12.012418">
        <ele>2137.841</ele>
        <time>2026-10-02T12:26:30.005Z</time>
      </trkpt>
      <trkpt lat="46.522633" lon="12.012458">
        <ele>2138.563</ele>
        <time>2026-10-02T12:26:35.005Z</time>
      </trkpt>
      <trkpt lat="46.522671" lon="12.012500">
        <ele>2139.344</ele>
        <time>2026-10-02T12:26:41.005Z</time>
      </trkpt>
      <trkpt lat="46.522709" lon="12.012539">
        <ele>2140.018</ele>
        <time>2026-10-02T12:26:45.005Z</time>
      </trkpt>
      <trkpt lat="46.522754" lon="12.012570">
        <ele>2140.609</ele>
        <time>2026-10-02T12:26:51.005Z</time>
      </trkpt>
      <trkpt lat="46.522790" lon="12.012623">
        <ele>2141.328</ele>
        <time>2026-10-02T12:26:59.005Z</time>
      </trkpt>
      <trkpt lat="46.522829" lon="12.012663">
        <ele>2142.034</ele>
        <time>2026-10-02T12:27:08.005Z</time>
      </trkpt>
      <trkpt lat="46.522859" lon="12.012714">
        <ele>2142.855</ele>
        <time>2026-10-02T12:27:13.005Z</time>
      </trkpt>
      <trkpt lat="46.522881" lon="12.012781">
        <ele>2143.616</ele>
        <time>2026-10-02T12:27:20.007Z</time>
      </trkpt>
      <trkpt lat="46.522925" lon="12.012799">
        <ele>2144.250</ele>
        <time>2026-10-02T12:27:27.007Z</time>
      </trkpt>
      <trkpt lat="46.522949" lon="12.012860">
        <ele>2144.757</ele>
        <time>2026-10-02T12:27:52.006Z</time>
      </trkpt>
      <trkpt lat="46.522991" lon="12.012894">
        <ele>2145.121</ele>
        <time>2026-10-02T12:27:56.006Z</time>
      </trkpt>
      <trkpt lat="46.523030" lon="12.012944">
        <ele>2145.561</ele>
        <time>2026-10-02T12:28:17.006Z</time>
      </trkpt>
      <trkpt lat="46.523074" lon="12.012988">
        <ele>2146.198</ele>
        <time>2026-10-02T12:28:23.006Z</time>
      </trkpt>
      <trkpt lat="46.523119" lon="12.013026">
        <ele>2146.869</ele>
        <time>2026-10-02T12:28:30.006Z</time>
      </trkpt>
      <trkpt lat="46.523155" lon="12.013078">
        <ele>2147.204</ele>
        <time>2026-10-02T12:28:36.005Z</time>
      </trkpt>
      <trkpt lat="46.523146" lon="12.013144">
        <ele>2147.624</ele>
        <time>2026-10-02T12:28:40.005Z</time>
      </trkpt>
      <trkpt lat="46.523147" lon="12.013217">
        <ele>2148.209</ele>
        <time>2026-10-02T12:29:10.005Z</time>
      </trkpt>
      <trkpt lat="46.523184" lon="12.013267">
        <ele>2148.698</ele>
        <time>2026-10-02T12:29:15.005Z</time>
      </trkpt>
      <trkpt lat="46.523199" lon="12.013337">
        <ele>2149.044</ele>
        <time>2026-10-02T12:29:20.005Z</time>
      </trkpt>
      <trkpt lat="46.523219" lon="12.013407">
        <ele>2149.325</ele>
        <time>2026-10-02T12:29:25.007Z</time>
      </trkpt>
      <trkpt lat="46.523259" lon="12.013465">
        <ele>2149.616</ele>
        <time>2026-10-02T12:29:30.007Z</time>
      </trkpt>
      <trkpt lat="46.523262" lon="12.013530">
        <ele>2150.380</ele>
        <time>2026-10-02T12:29:53.006Z</time>
      </trkpt>
      <trkpt lat="46.523279" lon="12.013598">
        <ele>2151.277</ele>
        <time>2026-10-02T12:29:58.006Z</time>
      </trkpt>
      <trkpt lat="46.523302" lon="12.013668">
        <ele>2152.191</ele>
        <time>2026-10-02T12:30:00.006Z</time>
      </trkpt>
      <trkpt lat="46.523312" lon="12.013733">
        <ele>2153.061</ele>
        <time>2026-10-02T12:30:12.006Z</time>
      </trkpt>
      <trkpt lat="46.523326" lon="12.013796">
        <ele>2153.628</ele>
        <time>2026-10-02T12:30:25.006Z</time>
      </trkpt>
      <trkpt lat="46.523328" lon="12.013872">
        <ele>2154.676</ele>
        <time>2026-10-02T12:30:42.006Z</time>
      </trkpt>
      <trkpt lat="46.523329" lon="12.013942">
        <ele>2155.990</ele>
        <time>2026-10-02T12:30:49.006Z</time>
      </trkpt>
      <trkpt lat="46.523343" lon="12.014008">
        <ele>2156.519</ele>
        <time>2026-10-02T12:30:56.006Z</time>
      </trkpt>
      <trkpt lat="46.523378" lon="12.013963">
        <ele>2156.909</ele>
        <time>2026-10-02T12:32:26.006Z</time>
      </trkpt>
      <trkpt lat="46.523399" lon="12.013903">
        <ele>2157.359</ele>
        <time>2026-10-02T12:32:38.006Z</time>
      </trkpt>
      <trkpt lat="46.523444" lon="12.013934">
        <ele>2157.515</ele>
        <time>2026-10-02T12:33:00.006Z</time>
      </trkpt>
      <trkpt lat="46.523426" lon="12.013999">
        <ele>2157.696</ele>
        <time>2026-10-02T12:33:10.006Z</time>
      </trkpt>
      <trkpt lat="46.523383" lon="12.013981">
        <ele>2157.837</ele>
        <time>2026-10-02T12:33:21.006Z</time>
      </trkpt>
      <trkpt lat="46.523353" lon="12.014040">
        <ele>2157.851</ele>
        <time>2026-10-02T12:34:15.006Z</time>
      </trkpt>
      <trkpt lat="46.523377" lon="12.013984">
        <ele>2157.628</ele>
        <time>2026-10-02T12:34:24.006Z</time>
      </trkpt>
      <trkpt lat="46.523391" lon="12.014053">
        <ele>2157.452</ele>
        <time>2026-10-02T12:36:34.006Z</time>
      </trkpt>
      <trkpt lat="46.523399" lon="12.014129">
        <ele>2157.792</ele>
        <time>2026-10-02T12:36:40.006Z</time>
      </trkpt>
      <trkpt lat="46.523412" lon="12.014202">
        <ele>2157.799</ele>
        <time>2026-10-02T12:36:45.006Z</time>
      </trkpt>
      <trkpt lat="46.523423" lon="12.014268">
        <ele>2157.837</ele>
        <time>2026-10-02T12:36:50.006Z</time>
      </trkpt>
      <trkpt lat="46.523437" lon="12.014333">
        <ele>2158.749</ele>
        <time>2026-10-02T12:36:55.006Z</time>
      </trkpt>
      <trkpt lat="46.523452" lon="12.014409">
        <ele>2159.713</ele>
        <time>2026-10-02T12:37:28.006Z</time>
      </trkpt>
      <trkpt lat="46.523490" lon="12.014458">
        <ele>2160.909</ele>
        <time>2026-10-02T12:37:33.006Z</time>
      </trkpt>
      <trkpt lat="46.523504" lon="12.014537">
        <ele>2162.155</ele>
        <time>2026-10-02T12:37:39.006Z</time>
      </trkpt>
      <trkpt lat="46.523528" lon="12.014599">
        <ele>2163.111</ele>
        <time>2026-10-02T12:37:44.006Z</time>
      </trkpt>
      <trkpt lat="46.523553" lon="12.014658">
        <ele>2163.912</ele>
        <time>2026-10-02T12:37:51.007Z</time>
      </trkpt>
      <trkpt lat="46.523572" lon="12.014727">
        <ele>2164.663</ele>
        <time>2026-10-02T12:38:04.007Z</time>
      </trkpt>
      <trkpt lat="46.523610" lon="12.014779">
        <ele>2165.357</ele>
        <time>2026-10-02T12:38:08.007Z</time>
      </trkpt>
      <trkpt lat="46.523632" lon="12.014844">
        <ele>2166.094</ele>
        <time>2026-10-02T12:38:15.007Z</time>
      </trkpt>
      <trkpt lat="46.523654" lon="12.014904">
        <ele>2166.668</ele>
        <time>2026-10-02T12:38:20.007Z</time>
      </trkpt>
      <trkpt lat="46.523674" lon="12.014963">
        <ele>2167.288</ele>
        <time>2026-10-02T12:38:24.007Z</time>
      </trkpt>
      <trkpt lat="46.523699" lon="12.015026">
        <ele>2168.085</ele>
        <time>2026-10-02T12:38:29.007Z</time>
      </trkpt>
      <trkpt lat="46.523723" lon="12.015088">
        <ele>2168.786</ele>
        <time>2026-10-02T12:38:33.007Z</time>
      </trkpt>
      <trkpt lat="46.523738" lon="12.015155">
        <ele>2169.460</ele>
        <time>2026-10-02T12:38:39.007Z</time>
      </trkpt>
      <trkpt lat="46.523760" lon="12.015216">
        <ele>2170.126</ele>
        <time>2026-10-02T12:39:17.007Z</time>
      </trkpt>
      <trkpt lat="46.523790" lon="12.015271">
        <ele>2170.909</ele>
        <time>2026-10-02T12:39:22.007Z</time>
      </trkpt>
      <trkpt lat="46.523814" lon="12.015339">
        <ele>2171.940</ele>
        <time>2026-10-02T12:39:27.007Z</time>
      </trkpt>
      <trkpt lat="46.523844" lon="12.015394">
        <ele>2172.746</ele>
        <time>2026-10-02T12:39:34.007Z</time>
      </trkpt>
      <trkpt lat="46.523859" lon="12.015468">
        <ele>2173.477</ele>
        <time>2026-10-02T12:40:14.008Z</time>
      </trkpt>
      <trkpt lat="46.523896" lon="12.015511">
        <ele>2174.238</ele>
        <time>2026-10-02T12:40:17.008Z</time>
      </trkpt>
      <trkpt lat="46.523928" lon="12.015571">
        <ele>2175.382</ele>
        <time>2026-10-02T12:40:21.008Z</time>
      </trkpt>
      <trkpt lat="46.523947" lon="12.015638">
        <ele>2176.249</ele>
        <time>2026-10-02T12:40:26.008Z</time>
      </trkpt>
      <trkpt lat="46.523975" lon="12.015691">
        <ele>2176.733</ele>
        <time>2026-10-02T12:40:32.008Z</time>
      </trkpt>
      <trkpt lat="46.523996" lon="12.015759">
        <ele>2177.373</ele>
        <time>2026-10-02T12:40:39.008Z</time>
      </trkpt>
      <trkpt lat="46.524015" lon="12.015822">
        <ele>2178.040</ele>
        <time>2026-10-02T12:40:45.008Z</time>
      </trkpt>
      <trkpt lat="46.524063" lon="12.015846">
        <ele>2178.852</ele>
        <time>2026-10-02T12:41:27.008Z</time>
      </trkpt>
      <trkpt lat="46.524108" lon="12.015855">
        <ele>2179.753</ele>
        <time>2026-10-02T12:42:56.008Z</time>
      </trkpt>
      <trkpt lat="46.524132" lon="12.015916">
        <ele>2180.908</ele>
        <time>2026-10-02T12:43:13.008Z</time>
      </trkpt>
      <trkpt lat="46.524181" lon="12.015956">
        <ele>2182.009</ele>
        <time>2026-10-02T12:43:29.008Z</time>
      </trkpt>
      <trkpt lat="46.524217" lon="12.016052">
        <ele>2184.137</ele>
        <time>2026-10-02T12:43:40.008Z</time>
      </trkpt>
      <trkpt lat="46.524255" lon="12.016010">
        <ele>2184.523</ele>
        <time>2026-10-02T12:43:48.008Z</time>
      </trkpt>
      <trkpt lat="46.524309" lon="12.016031">
        <ele>2185.584</ele>
        <time>2026-10-02T12:43:55.008Z</time>
      </trkpt>
      <trkpt lat="46.524326" lon="12.016103">
        <ele>2187.115</ele>
        <time>2026-10-02T12:44:04.008Z</time>
      </trkpt>
      <trkpt lat="46.524368" lon="12.016135">
        <ele>2188.259</ele>
        <time>2026-10-02T12:44:12.008Z</time>
      </trkpt>
      <trkpt lat="46.524418" lon="12.016151">
        <ele>2189.076</ele>
        <time>2026-10-02T12:44:21.008Z</time>
      </trkpt>
      <trkpt lat="46.524464" lon="12.016163">
        <ele>2190.690</ele>
        <time>2026-10-02T12:44:28.008Z</time>
      </trkpt>
      <trkpt lat="46.524498" lon="12.016215">
        <ele>2192.010</ele>
        <time>2026-10-02T12:44:36.008Z</time>
      </trkpt>
      <trkpt lat="46.524544" lon="12.016245">
        <ele>2193.257</ele>
        <time>2026-10-02T12:44:43.008Z</time>
      </trkpt>
      <trkpt lat="46.524589" lon="12.016277">
        <ele>2194.654</ele>
        <time>2026-10-02T12:45:24.008Z</time>
      </trkpt>
      <trkpt lat="46.524635" lon="12.016297">
        <ele>2196.256</ele>
        <time>2026-10-02T12:45:31.008Z</time>
      </trkpt>
      <trkpt lat="46.524688" lon="12.016271">
        <ele>2198.211</ele>
        <time>2026-10-02T12:45:40.008Z</time>
      </trkpt>
      <trkpt lat="46.524733" lon="12.016283">
        <ele>2199.909</ele>
        <time>2026-10-02T12:45:56.008Z</time>
      </trkpt>
      <trkpt lat="46.524772" lon="12.016317">
        <ele>2201.627</ele>
        <time>2026-10-02T12:46:06.008Z</time>
      </trkpt>
      <trkpt lat="46.524820" lon="12.016346">
        <ele>2203.163</ele>
        <time>2026-10-02T12:46:14.009Z</time>
      </trkpt>
      <trkpt lat="46.524837" lon="12.016408">
        <ele>2204.614</ele>
        <time>2026-10-02T12:46:23.009Z</time>
      </trkpt>
      <trkpt lat="46.524867" lon="12.016459">
        <ele>2206.515</ele>
        <time>2026-10-02T12:46:34.008Z</time>
      </trkpt>
      <trkpt lat="46.524918" lon="12.016452">
        <ele>2208.339</ele>
        <time>2026-10-02T12:46:51.008Z</time>
      </trkpt>
      <trkpt lat="46.524957" lon="12.016501">
        <ele>2210.266</ele>
        <time>2026-10-02T12:47:01.008Z</time>
      </trkpt>
      <trkpt lat="46.524991" lon="12.016549">
        <ele>2212.050</ele>
        <time>2026-10-02T12:47:09.008Z</time>
      </trkpt>
      <trkpt lat="46.525013" lon="12.016610">
        <ele>2213.770</ele>
        <time>2026-10-02T12:47:16.008Z</time>
      </trkpt>
      <trkpt lat="46.525040" lon="12.016663">
        <ele>2215.437</ele>
        <time>2026-10-02T12:47:23.008Z</time>
      </trkpt>
      <trkpt lat="46.525032" lon="12.016741">
        <ele>2217.078</ele>
        <time>2026-10-02T12:47:38.008Z</time>
      </trkpt>
      <trkpt lat="46.525044" lon="12.016809">
        <ele>2218.633</ele>
        <time>2026-10-02T12:47:47.008Z</time>
      </trkpt>
      <trkpt lat="46.525038" lon="12.016877">
        <ele>2220.426</ele>
        <time>2026-10-02T12:47:55.008Z</time>
      </trkpt>
      <trkpt lat="46.525033" lon="12.016945">
        <ele>2222.109</ele>
        <time>2026-10-02T12:48:01.008Z</time>
      </trkpt>
      <trkpt lat="46.525061" lon="12.017003">
        <ele>2223.699</ele>
        <time>2026-10-02T12:48:18.006Z</time>
      </trkpt>
      <trkpt lat="46.525045" lon="12.017078">
        <ele>2225.055</ele>
        <time>2026-10-02T12:48:25.006Z</time>
      </trkpt>
      <trkpt lat="46.525055" lon="12.017142">
        <ele>2227.066</ele>
        <time>2026-10-02T12:48:32.006Z</time>
      </trkpt>
      <trkpt lat="46.524998" lon="12.017168">
        <ele>2228.727</ele>
        <time>2026-10-02T12:49:02.007Z</time>
      </trkpt>
      <trkpt lat="46.524988" lon="12.017237">
        <ele>2230.181</ele>
        <time>2026-10-02T12:49:42.007Z</time>
      </trkpt>
      <trkpt lat="46.525019" lon="12.017297">
        <ele>2232.088</ele>
        <time>2026-10-02T12:49:48.007Z</time>
      </trkpt>
      <trkpt lat="46.525044" lon="12.017352">
        <ele>2233.142</ele>
        <time>2026-10-02T12:49:55.007Z</time>
      </trkpt>
      <trkpt lat="46.525071" lon="12.017405">
        <ele>2233.882</ele>
        <time>2026-10-02T12:50:00.007Z</time>
      </trkpt>
      <trkpt lat="46.525047" lon="12.017464">
        <ele>2235.329</ele>
        <time>2026-10-02T12:50:26.008Z</time>
      </trkpt>
      <trkpt lat="46.525096" lon="12.017466">
        <ele>2236.858</ele>
        <time>2026-10-02T12:50:48.008Z</time>
      </trkpt>
      <trkpt lat="46.525140" lon="12.017446">
        <ele>2238.152</ele>
        <time>2026-10-02T12:51:06.008Z</time>
      </trkpt>
      <trkpt lat="46.525168" lon="12.017511">
        <ele>2239.317</ele>
        <time>2026-10-02T12:51:12.008Z</time>
      </trkpt>
      <trkpt lat="46.525212" lon="12.017536">
        <ele>2240.009</ele>
        <time>2026-10-02T12:51:22.008Z</time>
      </trkpt>
      <trkpt lat="46.525257" lon="12.017525">
        <ele>2240.647</ele>
        <time>2026-10-02T12:51:26.008Z</time>
      </trkpt>
      <trkpt lat="46.525309" lon="12.017526">
        <ele>2241.833</ele>
        <time>2026-10-02T12:51:32.008Z</time>
      </trkpt>
      <trkpt lat="46.525356" lon="12.017502">
        <ele>2242.984</ele>
        <time>2026-10-02T12:51:38.008Z</time>
      </trkpt>
      <trkpt lat="46.525400" lon="12.017461">
        <ele>2243.995</ele>
        <time>2026-10-02T12:51:43.008Z</time>
      </trkpt>
      <trkpt lat="46.525445" lon="12.017466">
        <ele>2245.089</ele>
        <time>2026-10-02T12:51:57.008Z</time>
      </trkpt>
      <trkpt lat="46.525464" lon="12.017527">
        <ele>2245.756</ele>
        <time>2026-10-02T12:52:02.008Z</time>
      </trkpt>
      <trkpt lat="46.525499" lon="12.017577">
        <ele>2246.540</ele>
        <time>2026-10-02T12:52:08.008Z</time>
      </trkpt>
      <trkpt lat="46.525527" lon="12.017644">
        <ele>2247.410</ele>
        <time>2026-10-02T12:52:13.008Z</time>
      </trkpt>
      <trkpt lat="46.525563" lon="12.017701">
        <ele>2248.447</ele>
        <time>2026-10-02T12:52:19.008Z</time>
      </trkpt>
      <trkpt lat="46.525598" lon="12.017744">
        <ele>2249.267</ele>
        <time>2026-10-02T12:52:29.009Z</time>
      </trkpt>
      <trkpt lat="46.525639" lon="12.017715">
        <ele>2249.881</ele>
        <time>2026-10-02T12:52:36.009Z</time>
      </trkpt>
      <trkpt lat="46.525686" lon="12.017710">
        <ele>2250.519</ele>
        <time>2026-10-02T12:52:43.009Z</time>
      </trkpt>
      <trkpt lat="46.525733" lon="12.017666">
        <ele>2251.109</ele>
        <time>2026-10-02T12:53:06.009Z</time>
      </trkpt>
      <trkpt lat="46.525786" lon="12.017638">
        <ele>2251.868</ele>
        <time>2026-10-02T12:53:10.009Z</time>
      </trkpt>
      <trkpt lat="46.525828" lon="12.017600">
        <ele>2252.844</ele>
        <time>2026-10-02T12:53:15.009Z</time>
      </trkpt>
      <trkpt lat="46.525873" lon="12.017596">
        <ele>2253.555</ele>
        <time>2026-10-02T12:53:20.009Z</time>
      </trkpt>
      <trkpt lat="46.525911" lon="12.017646">
        <ele>2254.146</ele>
        <time>2026-10-02T12:53:29.009Z</time>
      </trkpt>
      <trkpt lat="46.525940" lon="12.017593">
        <ele>2255.080</ele>
        <time>2026-10-02T12:53:36.009Z</time>
      </trkpt>
      <trkpt lat="46.525986" lon="12.017575">
        <ele>2255.957</ele>
        <time>2026-10-02T12:53:43.009Z</time>
      </trkpt>
      <trkpt lat="46.526031" lon="12.017544">
        <ele>2256.781</ele>
        <time>2026-10-02T12:53:49.009Z</time>
      </trkpt>
      <trkpt lat="46.526084" lon="12.017548">
        <ele>2257.561</ele>
        <time>2026-10-02T12:53:57.009Z</time>
      </trkpt>
      <trkpt lat="46.526127" lon="12.017571">
        <ele>2258.558</ele>
        <time>2026-10-02T12:54:05.009Z</time>
      </trkpt>
      <trkpt lat="46.526172" lon="12.017567">
        <ele>2260.049</ele>
        <time>2026-10-02T12:54:10.009Z</time>
      </trkpt>
      <trkpt lat="46.526220" lon="12.017570">
        <ele>2261.902</ele>
        <time>2026-10-02T12:54:17.009Z</time>
      </trkpt>
      <trkpt lat="46.526269" lon="12.017572">
        <ele>2263.222</ele>
        <time>2026-10-02T12:54:24.009Z</time>
      </trkpt>
      <trkpt lat="46.526329" lon="12.017555">
        <ele>2264.409</ele>
        <time>2026-10-02T12:54:31.009Z</time>
      </trkpt>
      <trkpt lat="46.526375" lon="12.017577">
        <ele>2266.086</ele>
        <time>2026-10-02T12:54:39.011Z</time>
      </trkpt>
      <trkpt lat="46.526415" lon="12.017607">
        <ele>2267.762</ele>
        <time>2026-10-02T12:54:49.011Z</time>
      </trkpt>
      <trkpt lat="46.526440" lon="12.017549">
        <ele>2269.613</ele>
        <time>2026-10-02T12:54:56.011Z</time>
      </trkpt>
      <trkpt lat="46.526488" lon="12.017553">
        <ele>2271.634</ele>
        <time>2026-10-02T12:55:14.011Z</time>
      </trkpt>
      <trkpt lat="46.526534" lon="12.017573">
        <ele>2272.968</ele>
        <time>2026-10-02T12:55:19.011Z</time>
      </trkpt>
      <trkpt lat="46.526583" lon="12.017545">
        <ele>2273.835</ele>
        <time>2026-10-02T12:55:35.011Z</time>
      </trkpt>
      <trkpt lat="46.526631" lon="12.017540">
        <ele>2275.099</ele>
        <time>2026-10-02T12:55:41.011Z</time>
      </trkpt>
      <trkpt lat="46.526681" lon="12.017555">
        <ele>2276.439</ele>
        <time>2026-10-02T12:55:47.011Z</time>
      </trkpt>
      <trkpt lat="46.526737" lon="12.017540">
        <ele>2277.916</ele>
        <time>2026-10-02T12:55:53.011Z</time>
      </trkpt>
      <trkpt lat="46.526772" lon="12.017478">
        <ele>2279.262</ele>
        <time>2026-10-02T12:55:59.011Z</time>
      </trkpt>
      <trkpt lat="46.526809" lon="12.017437">
        <ele>2280.483</ele>
        <time>2026-10-02T12:56:06.011Z</time>
      </trkpt>
      <trkpt lat="46.526845" lon="12.017383">
        <ele>2281.711</ele>
        <time>2026-10-02T12:56:13.011Z</time>
      </trkpt>
      <trkpt lat="46.526881" lon="12.017341">
        <ele>2283.309</ele>
        <time>2026-10-02T12:56:16.011Z</time>
      </trkpt>
      <trkpt lat="46.526928" lon="12.017343">
        <ele>2284.948</ele>
        <time>2026-10-02T12:56:25.011Z</time>
      </trkpt>
      <trkpt lat="46.526979" lon="12.017336">
        <ele>2286.184</ele>
        <time>2026-10-02T12:56:46.012Z</time>
      </trkpt>
      <trkpt lat="46.527035" lon="12.017317">
        <ele>2287.625</ele>
        <time>2026-10-02T12:56:56.012Z</time>
      </trkpt>
      <trkpt lat="46.527063" lon="12.017264">
        <ele>2290.176</ele>
        <time>2026-10-02T12:57:14.012Z</time>
      </trkpt>
      <trkpt lat="46.527058" lon="12.017373">
        <ele>2292.680</ele>
        <time>2026-10-02T12:57:19.012Z</time>
      </trkpt>
      <trkpt lat="46.527064" lon="12.017241">
        <ele>2295.027</ele>
        <time>2026-10-02T12:57:21.012Z</time>
      </trkpt>
      <trkpt lat="46.527124" lon="12.017237">
        <ele>2295.671</ele>
        <time>2026-10-02T12:58:02.012Z</time>
      </trkpt>
      <trkpt lat="46.527170" lon="12.017210">
        <ele>2296.281</ele>
        <time>2026-10-02T12:58:09.012Z</time>
      </trkpt>
      <trkpt lat="46.527214" lon="12.017189">
        <ele>2296.878</ele>
        <time>2026-10-02T12:58:16.012Z</time>
      </trkpt>
      <trkpt lat="46.527261" lon="12.017187">
        <ele>2299.073</ele>
        <time>2026-10-02T12:58:37.012Z</time>
      </trkpt>
      <trkpt lat="46.527303" lon="12.017222">
        <ele>2300.185</ele>
        <time>2026-10-02T12:59:11.013Z</time>
      </trkpt>
      <trkpt lat="46.527294" lon="12.017157">
        <ele>2302.713</ele>
        <time>2026-10-02T12:59:26.013Z</time>
      </trkpt>
      <trkpt lat="46.527321" lon="12.017105">
        <ele>2305.209</ele>
        <time>2026-10-02T12:59:48.013Z</time>
      </trkpt>
      <trkpt lat="46.527365" lon="12.017136">
        <ele>2306.759</ele>
        <time>2026-10-02T12:59:52.013Z</time>
      </trkpt>
      <trkpt lat="46.527414" lon="12.017115">
        <ele>2307.885</ele>
        <time>2026-10-02T13:00:00.013Z</time>
      </trkpt>
      <trkpt lat="46.527458" lon="12.017129">
        <ele>2308.926</ele>
        <time>2026-10-02T13:00:26.013Z</time>
      </trkpt>
      <trkpt lat="46.527505" lon="12.017100">
        <ele>2310.137</ele>
        <time>2026-10-02T13:00:39.013Z</time>
      </trkpt>
      <trkpt lat="46.527546" lon="12.017064">
        <ele>2311.831</ele>
        <time>2026-10-02T13:00:52.014Z</time>
      </trkpt>
      <trkpt lat="46.527565" lon="12.017004">
        <ele>2314.148</ele>
        <time>2026-10-02T13:00:59.014Z</time>
      </trkpt>
      <trkpt lat="46.527608" lon="12.016986">
        <ele>2317.042</ele>
        <time>2026-10-02T13:01:13.014Z</time>
      </trkpt>
      <trkpt lat="46.527648" lon="12.016956">
        <ele>2319.042</ele>
        <time>2026-10-02T13:01:23.014Z</time>
      </trkpt>
      <trkpt lat="46.527698" lon="12.016947">
        <ele>2320.749</ele>
        <time>2026-10-02T13:01:47.014Z</time>
      </trkpt>
      <trkpt lat="46.527709" lon="12.016875">
        <ele>2323.332</ele>
        <time>2026-10-02T13:01:56.014Z</time>
      </trkpt>
      <trkpt lat="46.527768" lon="12.016861">
        <ele>2325.892</ele>
        <time>2026-10-02T13:02:06.014Z</time>
      </trkpt>
      <trkpt lat="46.527817" lon="12.016826">
        <ele>2327.811</ele>
        <time>2026-10-02T13:02:14.014Z</time>
      </trkpt>
      <trkpt lat="46.527862" lon="12.016838">
        <ele>2329.709</ele>
        <time>2026-10-02T13:02:41.014Z</time>
      </trkpt>
      <trkpt lat="46.527904" lon="12.016816">
        <ele>2331.675</ele>
        <time>2026-10-02T13:02:50.014Z</time>
      </trkpt>
      <trkpt lat="46.527950" lon="12.016807">
        <ele>2334.371</ele>
        <time>2026-10-02T13:03:00.015Z</time>
      </trkpt>
      <trkpt lat="46.527998" lon="12.016776">
        <ele>2336.722</ele>
        <time>2026-10-02T13:03:07.015Z</time>
      </trkpt>
      <trkpt lat="46.528048" lon="12.016794">
        <ele>2338.573</ele>
        <time>2026-10-02T13:03:46.014Z</time>
      </trkpt>
      <trkpt lat="46.528105" lon="12.016797">
        <ele>2340.327</ele>
        <time>2026-10-02T13:03:54.014Z</time>
      </trkpt>
      <trkpt lat="46.528156" lon="12.016821">
        <ele>2341.724</ele>
        <time>2026-10-02T13:04:03.014Z</time>
      </trkpt>
      <trkpt lat="46.528198" lon="12.016847">
        <ele>2343.268</ele>
        <time>2026-10-02T13:04:12.014Z</time>
      </trkpt>
      <trkpt lat="46.528245" lon="12.016842">
        <ele>2344.578</ele>
        <time>2026-10-02T13:04:26.014Z</time>
      </trkpt>
      <trkpt lat="46.528286" lon="12.016885">
        <ele>2346.145</ele>
        <time>2026-10-02T13:04:32.014Z</time>
      </trkpt>
      <trkpt lat="46.528320" lon="12.016930">
        <ele>2348.156</ele>
        <time>2026-10-02T13:04:45.014Z</time>
      </trkpt>
      <trkpt lat="46.528359" lon="12.016971">
        <ele>2349.559</ele>
        <time>2026-10-02T13:05:15.014Z</time>
      </trkpt>
      <trkpt lat="46.528354" lon="12.017040">
        <ele>2350.414</ele>
        <time>2026-10-02T13:05:30.014Z</time>
      </trkpt>
      <trkpt lat="46.528396" lon="12.017086">
        <ele>2351.309</ele>
        <time>2026-10-02T13:05:37.014Z</time>
      </trkpt>
      <trkpt lat="46.528424" lon="12.017137">
        <ele>2351.797</ele>
        <time>2026-10-02T13:05:46.014Z</time>
      </trkpt>
      <trkpt lat="46.528444" lon="12.017195">
        <ele>2351.913</ele>
        <time>2026-10-02T13:05:58.014Z</time>
      </trkpt>
      <trkpt lat="46.528467" lon="12.017252">
        <ele>2352.414</ele>
        <time>2026-10-02T13:06:23.014Z</time>
      </trkpt>
      <trkpt lat="46.528461" lon="12.017317">
        <ele>2352.885</ele>
        <time>2026-10-02T13:06:27.014Z</time>
      </trkpt>
      <trkpt lat="46.528467" lon="12.017389">
        <ele>2352.899</ele>
        <time>2026-10-02T13:06:33.014Z</time>
      </trkpt>
      <trkpt lat="46.528472" lon="12.017460">
        <ele>2352.876</ele>
        <time>2026-10-02T13:06:39.014Z</time>
      </trkpt>
      <trkpt lat="46.528488" lon="12.017538">
        <ele>2352.970</ele>
        <time>2026-10-02T13:06:45.014Z</time>
      </trkpt>
      <trkpt lat="46.528487" lon="12.017603">
        <ele>2352.930</ele>
        <time>2026-10-02T13:06:50.014Z</time>
      </trkpt>
      <trkpt lat="46.528496" lon="12.017667">
        <ele>2353.227</ele>
        <time>2026-10-02T13:06:56.014Z</time>
      </trkpt>
      <trkpt lat="46.528505" lon="12.017743">
        <ele>2354.228</ele>
        <time>2026-10-02T13:07:09.014Z</time>
      </trkpt>
      <trkpt lat="46.528520" lon="12.017813">
        <ele>2355.589</ele>
        <time>2026-10-02T13:07:14.014Z</time>
      </trkpt>
      <trkpt lat="46.528535" lon="12.017877">
        <ele>2357.117</ele>
        <time>2026-10-02T13:07:21.014Z</time>
      </trkpt>
      <trkpt lat="46.528556" lon="12.017936">
        <ele>2358.209</ele>
        <time>2026-10-02T13:07:28.014Z</time>
      </trkpt>
      <trkpt lat="46.528577" lon="12.017995">
        <ele>2359.014</ele>
        <time>2026-10-02T13:07:41.014Z</time>
      </trkpt>
      <trkpt lat="46.528610" lon="12.018045">
        <ele>2360.210</ele>
        <time>2026-10-02T13:07:48.014Z</time>
      </trkpt>
      <trkpt lat="46.528621" lon="12.018129">
        <ele>2361.371</ele>
        <time>2026-10-02T13:08:18.014Z</time>
      </trkpt>
      <trkpt lat="46.528665" lon="12.018154">
        <ele>2362.582</ele>
        <time>2026-10-02T13:08:48.014Z</time>
      </trkpt>
      <trkpt lat="46.528698" lon="12.018205">
        <ele>2364.286</ele>
        <time>2026-10-02T13:08:59.014Z</time>
      </trkpt>
      <trkpt lat="46.528728" lon="12.018255">
        <ele>2365.363</ele>
        <time>2026-10-02T13:09:22.015Z</time>
      </trkpt>
      <trkpt lat="46.528776" lon="12.018256">
        <ele>2366.297</ele>
        <time>2026-10-02T13:09:52.015Z</time>
      </trkpt>
      <trkpt lat="46.528817" lon="12.018291">
        <ele>2367.537</ele>
        <time>2026-10-02T13:10:33.015Z</time>
      </trkpt>
      <trkpt lat="46.528855" lon="12.018332">
        <ele>2368.624</ele>
        <time>2026-10-02T13:10:37.015Z</time>
      </trkpt>
      <trkpt lat="46.528896" lon="12.018362">
        <ele>2370.191</ele>
        <time>2026-10-02T13:10:50.015Z</time>
      </trkpt>
      <trkpt lat="46.528930" lon="12.018409">
        <ele>2371.481</ele>
        <time>2026-10-02T13:11:00.015Z</time>
      </trkpt>
      <trkpt lat="46.528972" lon="12.018446">
        <ele>2372.819</ele>
        <time>2026-10-02T13:11:08.015Z</time>
      </trkpt>
      <trkpt lat="46.529013" lon="12.018491">
        <ele>2374.509</ele>
        <time>2026-10-02T13:11:17.015Z</time>
      </trkpt>
      <trkpt lat="46.529046" lon="12.018543">
        <ele>2375.421</ele>
        <time>2026-10-02T13:11:31.016Z</time>
      </trkpt>
      <trkpt lat="46.529093" lon="12.018576">
        <ele>2376.687</ele>
        <time>2026-10-02T13:11:39.016Z</time>
      </trkpt>
      <trkpt lat="46.529127" lon="12.018628">
        <ele>2378.278</ele>
        <time>2026-10-02T13:11:48.016Z</time>
      </trkpt>
      <trkpt lat="46.529164" lon="12.018671">
        <ele>2379.569</ele>
        <time>2026-10-02T13:11:57.016Z</time>
      </trkpt>
      <trkpt lat="46.529210" lon="12.018697">
        <ele>2380.693</ele>
        <time>2026-10-02T13:12:19.016Z</time>
      </trkpt>
      <trkpt lat="46.529235" lon="12.018636">
        <ele>2381.850</ele>
        <time>2026-10-02T13:13:19.015Z</time>
      </trkpt>
      <trkpt lat="46.529274" lon="12.018600">
        <ele>2383.134</ele>
        <time>2026-10-02T13:13:34.016Z</time>
      </trkpt>
      <trkpt lat="46.529304" lon="12.018550">
        <ele>2384.274</ele>
        <time>2026-10-02T13:14:30.016Z</time>
      </trkpt>
      <trkpt lat="46.529344" lon="12.018510">
        <ele>2385.221</ele>
        <time>2026-10-02T13:15:42.016Z</time>
      </trkpt>
      <trkpt lat="46.529376" lon="12.018463">
        <ele>2386.151</ele>
        <time>2026-10-02T13:15:49.016Z</time>
      </trkpt>
      <trkpt lat="46.529414" lon="12.018411">
        <ele>2386.801</ele>
        <time>2026-10-02T13:15:56.016Z</time>
      </trkpt>
      <trkpt lat="46.529450" lon="12.018355">
        <ele>2387.811</ele>
        <time>2026-10-02T13:16:05.016Z</time>
      </trkpt>
      <trkpt lat="46.529476" lon="12.018297">
        <ele>2389.209</ele>
        <time>2026-10-02T13:16:17.016Z</time>
      </trkpt>
      <trkpt lat="46.529464" lon="12.018233">
        <ele>2390.477</ele>
        <time>2026-10-02T13:16:27.016Z</time>
      </trkpt>
      <trkpt lat="46.529491" lon="12.018173">
        <ele>2391.813</ele>
        <time>2026-10-02T13:16:50.016Z</time>
      </trkpt>
      <trkpt lat="46.529522" lon="12.018114">
        <ele>2393.364</ele>
        <time>2026-10-02T13:17:14.016Z</time>
      </trkpt>
      <trkpt lat="46.529550" lon="12.018054">
        <ele>2394.725</ele>
        <time>2026-10-02T13:18:11.017Z</time>
      </trkpt>
      <trkpt lat="46.529548" lon="12.017987">
        <ele>2396.369</ele>
        <time>2026-10-02T13:18:26.017Z</time>
      </trkpt>
      <trkpt lat="46.529506" lon="12.017945">
        <ele>2397.896</ele>
        <time>2026-10-02T13:19:04.017Z</time>
      </trkpt>
      <trkpt lat="46.529505" lon="12.017868">
        <ele>2399.170</ele>
        <time>2026-10-02T13:19:39.017Z</time>
      </trkpt>
      <trkpt lat="46.529519" lon="12.017801">
        <ele>2399.950</ele>
        <time>2026-10-02T13:19:46.019Z</time>
      </trkpt>
      <trkpt lat="46.529526" lon="12.017723">
        <ele>2400.477</ele>
        <time>2026-10-02T13:19:50.019Z</time>
      </trkpt>
      <trkpt lat="46.529567" lon="12.017686">
        <ele>2401.068</ele>
        <time>2026-10-02T13:20:11.019Z</time>
      </trkpt>
      <trkpt lat="46.529606" lon="12.017632">
        <ele>2401.942</ele>
        <time>2026-10-02T13:20:43.019Z</time>
      </trkpt>
      <trkpt lat="46.529635" lon="12.017559">
        <ele>2404.026</ele>
        <time>2026-10-02T13:20:52.019Z</time>
      </trkpt>
      <trkpt lat="46.529620" lon="12.017486">
        <ele>2406.709</ele>
        <time>2026-10-02T13:21:07.019Z</time>
      </trkpt>
      <trkpt lat="46.529622" lon="12.017409">
        <ele>2408.798</ele>
        <time>2026-10-02T13:21:13.019Z</time>
      </trkpt>
      <trkpt lat="46.529619" lon="12.017338">
        <ele>2409.854</ele>
        <time>2026-10-02T13:21:25.019Z</time>
      </trkpt>
      <trkpt lat="46.529634" lon="12.017268">
        <ele>2410.815</ele>
        <time>2026-10-02T13:21:37.019Z</time>
      </trkpt>
      <trkpt lat="46.529588" lon="12.017271">
        <ele>2412.236</ele>
        <time>2026-10-02T13:22:03.020Z</time>
      </trkpt>
      <trkpt lat="46.529558" lon="12.017205">
        <ele>2413.920</ele>
        <time>2026-10-02T13:22:25.020Z</time>
      </trkpt>
      <trkpt lat="46.529605" lon="12.017225">
        <ele>2415.197</ele>
        <time>2026-10-02T13:22:34.020Z</time>
      </trkpt>
      <trkpt lat="46.529671" lon="12.017216">
        <ele>2415.561</ele>
        <time>2026-10-02T13:22:40.019Z</time>
      </trkpt>
      <trkpt lat="46.529694" lon="12.017157">
        <ele>2416.191</ele>
        <time>2026-10-02T13:22:48.019Z</time>
      </trkpt>
      <trkpt lat="46.529682" lon="12.017092">
        <ele>2416.638</ele>
        <time>2026-10-02T13:22:55.019Z</time>
      </trkpt>
      <trkpt lat="46.529667" lon="12.017030">
        <ele>2417.714</ele>
        <time>2026-10-02T13:24:05.019Z</time>
      </trkpt>
      <trkpt lat="46.529638" lon="12.016969">
        <ele>2419.154</ele>
        <time>2026-10-02T13:24:12.019Z</time>
      </trkpt>
      <trkpt lat="46.529634" lon="12.016896">
        <ele>2419.809</ele>
        <time>2026-10-02T13:24:17.019Z</time>
      </trkpt>
      <trkpt lat="46.529613" lon="12.016827">
        <ele>2420.309</ele>
        <time>2026-10-02T13:24:23.019Z</time>
      </trkpt>
      <trkpt lat="46.529595" lon="12.016755">
        <ele>2420.993</ele>
        <time>2026-10-02T13:24:29.019Z</time>
      </trkpt>
      <trkpt lat="46.529578" lon="12.016690">
        <ele>2421.599</ele>
        <time>2026-10-02T13:24:40.019Z</time>
      </trkpt>
      <trkpt lat="46.529554" lon="12.016622">
        <ele>2422.070</ele>
        <time>2026-10-02T13:24:45.019Z</time>
      </trkpt>
      <trkpt lat="46.529525" lon="12.016556">
        <ele>2422.611</ele>
        <time>2026-10-02T13:24:49.019Z</time>
      </trkpt>
      <trkpt lat="46.529517" lon="12.016487">
        <ele>2423.285</ele>
        <time>2026-10-02T13:24:55.019Z</time>
      </trkpt>
      <trkpt lat="46.529503" lon="12.016412">
        <ele>2423.872</ele>
        <time>2026-10-02T13:25:01.019Z</time>
      </trkpt>
      <trkpt lat="46.529473" lon="12.016343">
        <ele>2424.696</ele>
        <time>2026-10-02T13:25:06.019Z</time>
      </trkpt>
      <trkpt lat="46.529448" lon="12.016280">
        <ele>2425.586</ele>
        <time>2026-10-02T13:25:11.019Z</time>
      </trkpt>
      <trkpt lat="46.529430" lon="12.016219">
        <ele>2426.353</ele>
        <time>2026-10-02T13:25:15.019Z</time>
      </trkpt>
      <trkpt lat="46.529412" lon="12.016158">
        <ele>2427.244</ele>
        <time>2026-10-02T13:25:20.019Z</time>
      </trkpt>
      <trkpt lat="46.529378" lon="12.016100">
        <ele>2427.905</ele>
        <time>2026-10-02T13:25:59.019Z</time>
      </trkpt>
      <trkpt lat="46.529361" lon="12.016033">
        <ele>2428.415</ele>
        <time>2026-10-02T13:26:04.019Z</time>
      </trkpt>
      <trkpt lat="46.529332" lon="12.015981">
        <ele>2429.209</ele>
        <time>2026-10-02T13:26:09.019Z</time>
      </trkpt>
      <trkpt lat="46.529298" lon="12.015923">
        <ele>2430.266</ele>
        <time>2026-10-02T13:26:16.019Z</time>
      </trkpt>
      <trkpt lat="46.529268" lon="12.015872">
        <ele>2431.442</ele>
        <time>2026-10-02T13:26:23.019Z</time>
      </trkpt>
      <trkpt lat="46.529228" lon="12.015834">
        <ele>2432.883</ele>
        <time>2026-10-02T13:26:37.019Z</time>
      </trkpt>
      <trkpt lat="46.529187" lon="12.015777">
        <ele>2434.424</ele>
        <time>2026-10-02T13:26:44.019Z</time>
      </trkpt>
      <trkpt lat="46.529138" lon="12.015747">
        <ele>2436.268</ele>
        <time>2026-10-02T13:27:10.019Z</time>
      </trkpt>
      <trkpt lat="46.529107" lon="12.015694">
        <ele>2437.885</ele>
        <time>2026-10-02T13:27:16.019Z</time>
      </trkpt>
      <trkpt lat="46.529070" lon="12.015654">
        <ele>2439.169</ele>
        <time>2026-10-02T13:27:40.019Z</time>
      </trkpt>
      <trkpt lat="46.529025" lon="12.015595">
        <ele>2440.189</ele>
        <time>2026-10-02T13:27:47.019Z</time>
      </trkpt>
      <trkpt lat="46.528975" lon="12.015559">
        <ele>2440.466</ele>
        <time>2026-10-02T13:27:57.019Z</time>
      </trkpt>
      <trkpt lat="46.528959" lon="12.015490">
        <ele>2440.597</ele>
        <time>2026-10-02T13:28:04.019Z</time>
      </trkpt>
      <trkpt lat="46.528982" lon="12.015425">
        <ele>2440.623</ele>
        <time>2026-10-02T13:28:11.020Z</time>
      </trkpt>
      <trkpt lat="46.528996" lon="12.015361">
        <ele>2441.025</ele>
        <time>2026-10-02T13:28:16.020Z</time>
      </trkpt>
      <trkpt lat="46.529000" lon="12.015287">
        <ele>2441.809</ele>
        <time>2026-10-02T13:28:46.020Z</time>
      </trkpt>
      <trkpt lat="46.529025" lon="12.015231">
        <ele>2442.731</ele>
        <time>2026-10-02T13:28:53.020Z</time>
      </trkpt>
      <trkpt lat="46.529057" lon="12.015173">
        <ele>2443.647</ele>
        <time>2026-10-02T13:29:00.020Z</time>
      </trkpt>
      <trkpt lat="46.529091" lon="12.015120">
        <ele>2444.658</ele>
        <time>2026-10-02T13:29:16.020Z</time>
      </trkpt>
      <trkpt lat="46.529133" lon="12.015086">
        <ele>2445.679</ele>
        <time>2026-10-02T13:29:24.020Z</time>
      </trkpt>
      <trkpt lat="46.529158" lon="12.015026">
        <ele>2447.183</ele>
        <time>2026-10-02T13:29:35.020Z</time>
      </trkpt>
      <trkpt lat="46.529198" lon="12.014988">
        <ele>2448.740</ele>
        <time>2026-10-02T13:29:43.020Z</time>
      </trkpt>
      <trkpt lat="46.529244" lon="12.014951">
        <ele>2450.264</ele>
        <time>2026-10-02T13:29:54.020Z</time>
      </trkpt>
      <trkpt lat="46.529300" lon="12.014939">
        <ele>2451.894</ele>
        <time>2026-10-02T13:30:03.020Z</time>
      </trkpt>
      <trkpt lat="46.529341" lon="12.014912">
        <ele>2453.461</ele>
        <time>2026-10-02T13:30:17.018Z</time>
      </trkpt>
      <trkpt lat="46.529394" lon="12.014894">
        <ele>2455.033</ele>
        <time>2026-10-02T13:30:23.018Z</time>
      </trkpt>
      <trkpt lat="46.529354" lon="12.014928">
        <ele>2456.723</ele>
        <time>2026-10-02T13:30:37.019Z</time>
      </trkpt>
      <trkpt lat="46.529402" lon="12.014923">
        <ele>2457.915</ele>
        <time>2026-10-02T13:31:00.019Z</time>
      </trkpt>
      <trkpt lat="46.529454" lon="12.014916">
        <ele>2458.309</ele>
        <time>2026-10-02T13:31:07.019Z</time>
      </trkpt>
      <trkpt lat="46.529502" lon="12.014903">
        <ele>2458.655</ele>
        <time>2026-10-02T13:31:14.019Z</time>
      </trkpt>
      <trkpt lat="46.529549" lon="12.014906">
        <ele>2459.581</ele>
        <time>2026-10-02T13:31:22.019Z</time>
      </trkpt>
      <trkpt lat="46.529592" lon="12.014873">
        <ele>2461.252</ele>
        <time>2026-10-02T13:31:28.019Z</time>
      </trkpt>
      <trkpt lat="46.529646" lon="12.014864">
        <ele>2462.983</ele>
        <time>2026-10-02T13:31:55.019Z</time>
      </trkpt>
      <trkpt lat="46.529682" lon="12.014823">
        <ele>2464.327</ele>
        <time>2026-10-02T13:32:20.018Z</time>
      </trkpt>
      <trkpt lat="46.529670" lon="12.014748">
        <ele>2466.074</ele>
        <time>2026-10-02T13:32:26.018Z</time>
      </trkpt>
      <trkpt lat="46.529640" lon="12.014693">
        <ele>2468.168</ele>
        <time>2026-10-02T13:32:33.018Z</time>
      </trkpt>
      <trkpt lat="46.529655" lon="12.014627">
        <ele>2469.688</ele>
        <time>2026-10-02T13:32:49.019Z</time>
      </trkpt>
      <trkpt lat="46.529693" lon="12.014592">
        <ele>2470.865</ele>
        <time>2026-10-02T13:32:57.019Z</time>
      </trkpt>
      <trkpt lat="46.529729" lon="12.014546">
        <ele>2472.886</ele>
        <time>2026-10-02T13:33:10.019Z</time>
      </trkpt>
      <trkpt lat="46.529778" lon="12.014546">
        <ele>2474.860</ele>
        <time>2026-10-02T13:33:21.019Z</time>
      </trkpt>
      <trkpt lat="46.529817" lon="12.014498">
        <ele>2476.326</ele>
        <time>2026-10-02T13:33:30.019Z</time>
      </trkpt>
      <trkpt lat="46.529827" lon="12.014434">
        <ele>2477.709</ele>
        <time>2026-10-02T13:33:38.019Z</time>
      </trkpt>
      <trkpt lat="46.529813" lon="12.014360">
        <ele>2479.520</ele>
        <time>2026-10-02T13:33:52.019Z</time>
      </trkpt>
      <trkpt lat="46.529794" lon="12.014291">
        <ele>2481.566</ele>
        <time>2026-10-02T13:34:00.019Z</time>
      </trkpt>
      <trkpt lat="46.529783" lon="12.014227">
        <ele>2483.567</ele>
        <time>2026-10-02T13:34:05.019Z</time>
      </trkpt>
      <trkpt lat="46.529763" lon="12.014166">
        <ele>2485.158</ele>
        <time>2026-10-02T13:34:12.019Z</time>
      </trkpt>
      <trkpt lat="46.529743" lon="12.014097">
        <ele>2486.292</ele>
        <time>2026-10-02T13:35:11.020Z</time>
      </trkpt>
      <trkpt lat="46.529763" lon="12.014163">
        <ele>2487.579</ele>
        <time>2026-10-02T13:35:41.020Z</time>
      </trkpt>
      <trkpt lat="46.529772" lon="12.014092">
        <ele>2488.913</ele>
        <time>2026-10-02T13:38:01.020Z</time>
      </trkpt>
      <trkpt lat="46.529769" lon="12.014011">
        <ele>2489.513</ele>
        <time>2026-10-02T13:38:42.019Z</time>
      </trkpt>
      <trkpt lat="46.529733" lon="12.013972">
        <ele>2490.390</ele>
        <time>2026-10-02T13:38:51.019Z</time>
      </trkpt>
      <trkpt lat="46.529736" lon="12.013896">
        <ele>2491.849</ele>
        <time>2026-10-02T13:40:00.018Z</time>
      </trkpt>
      <trkpt lat="46.529781" lon="12.013883">
        <ele>2493.502</ele>
        <time>2026-10-02T13:40:21.018Z</time>
      </trkpt>
      <trkpt lat="46.529801" lon="12.013817">
        <ele>2495.322</ele>
        <time>2026-10-02T13:40:31.018Z</time>
      </trkpt>
      <trkpt lat="46.529781" lon="12.013756">
        <ele>2496.409</ele>
        <time>2026-10-02T13:40:36.018Z</time>
      </trkpt>
      <trkpt lat="46.529793" lon="12.013691">
        <ele>2497.596</ele>
        <time>2026-10-02T13:40:49.018Z</time>
      </trkpt>
      <trkpt lat="46.529824" lon="12.013642">
        <ele>2499.072</ele>
        <time>2026-10-02T13:42:52.019Z</time>
      </trkpt>
      <trkpt lat="46.529825" lon="12.013709">
        <ele>2500.933</ele>
        <time>2026-10-02T13:43:31.018Z</time>
      </trkpt>
      <trkpt lat="46.529776" lon="12.013731">
        <ele>2503.214</ele>
        <time>2026-10-02T13:43:47.018Z</time>
      </trkpt>
      <trkpt lat="46.529804" lon="12.013677">
        <ele>2504.248</ele>
        <time>2026-10-02T13:43:55.018Z</time>
      </trkpt>
      <trkpt lat="46.529834" lon="12.013619">
        <ele>2504.555</ele>
        <time>2026-10-02T13:44:09.018Z</time>
      </trkpt>
      <trkpt lat="46.529883" lon="12.013598">
        <ele>2504.849</ele>
        <time>2026-10-02T13:44:43.018Z</time>
      </trkpt>
      <trkpt lat="46.529932" lon="12.013587">
        <ele>2504.969</ele>
        <time>2026-10-02T13:44:48.018Z</time>
      </trkpt>
      <trkpt lat="46.529981" lon="12.013558">
        <ele>2505.866</ele>
        <time>2026-10-02T13:44:56.018Z</time>
      </trkpt>
      <trkpt lat="46.529996" lon="12.013486">
        <ele>2506.826</ele>
        <time>2026-10-02T13:45:07.018Z</time>
      </trkpt>
      <trkpt lat="46.529968" lon="12.013428">
        <ele>2508.347</ele>
        <time>2026-10-02T13:45:13.018Z</time>
      </trkpt>
      <trkpt lat="46.529927" lon="12.013394">
        <ele>2510.911</ele>
        <time>2026-10-02T13:45:21.018Z</time>
      </trkpt>
      <trkpt lat="46.529919" lon="12.013326">
        <ele>2512.809</ele>
        <time>2026-10-02T13:46:09.018Z</time>
      </trkpt>
      <trkpt lat="46.529935" lon="12.013260">
        <ele>2513.654</ele>
        <time>2026-10-02T13:46:42.018Z</time>
      </trkpt>
      <trkpt lat="46.529961" lon="12.013196">
        <ele>2514.370</ele>
        <time>2026-10-02T13:46:49.018Z</time>
      </trkpt>
      <trkpt lat="46.529988" lon="12.013138">
        <ele>2515.741</ele>
        <time>2026-10-02T13:47:09.019Z</time>
      </trkpt>
      <trkpt lat="46.529982" lon="12.013073">
        <ele>2517.582</ele>
        <time>2026-10-02T13:47:41.019Z</time>
      </trkpt>
      <trkpt lat="46.530027" lon="12.013054">
        <ele>2519.236</ele>
        <time>2026-10-02T13:47:58.019Z</time>
      </trkpt>
      <trkpt lat="46.530072" lon="12.013046">
        <ele>2521.453</ele>
        <time>2026-10-02T13:48:11.019Z</time>
      </trkpt>
      <trkpt lat="46.530032" lon="12.013013">
        <ele>2523.667</ele>
        <time>2026-10-02T13:48:31.019Z</time>
      </trkpt>
      <trkpt lat="46.530009" lon="12.012947">
        <ele>2524.877</ele>
        <time>2026-10-02T13:48:42.019Z</time>
      </trkpt>
      <trkpt lat="46.530056" lon="12.012924">
        <ele>2525.664</ele>
        <time>2026-10-02T13:48:55.019Z</time>
      </trkpt>
      <trkpt lat="46.530069" lon="12.012995">
        <ele>2525.862</ele>
        <time>2026-10-02T13:49:10.020Z</time>
      </trkpt>
      <trkpt lat="46.530117" lon="12.013001">
        <ele>2526.183</ele>
        <time>2026-10-02T13:49:15.020Z</time>
      </trkpt>
      <trkpt lat="46.530168" lon="12.012991">
        <ele>2526.111</ele>
        <time>2026-10-02T13:49:21.020Z</time>
      </trkpt>
      <trkpt lat="46.530219" lon="12.012982">
        <ele>2525.909</ele>
        <time>2026-10-02T13:49:26.020Z</time>
      </trkpt>
      <trkpt lat="46.530263" lon="12.012998">
        <ele>2525.918</ele>
        <time>2026-10-02T13:49:31.020Z</time>
      </trkpt>
      <trkpt lat="46.530312" lon="12.013000">
        <ele>2525.974</ele>
        <time>2026-10-02T13:49:36.020Z</time>
      </trkpt>
      <trkpt lat="46.530272" lon="12.012963">
        <ele>2526.145</ele>
        <time>2026-10-02T13:52:01.020Z</time>
      </trkpt>
      <trkpt lat="46.530223" lon="12.012978">
        <ele>2526.486</ele>
        <time>2026-10-02T13:52:07.020Z</time>
      </trkpt>
      <trkpt lat="46.530179" lon="12.012995">
        <ele>2527.220</ele>
        <time>2026-10-02T13:52:13.020Z</time>
      </trkpt>
      <trkpt lat="46.530130" lon="12.013021">
        <ele>2527.767</ele>
        <time>2026-10-02T13:52:19.020Z</time>
      </trkpt>
      <trkpt lat="46.530088" lon="12.013046">
        <ele>2527.751</ele>
        <time>2026-10-02T13:52:23.020Z</time>
      </trkpt>
      <trkpt lat="46.530042" lon="12.013052">
        <ele>2527.761</ele>
        <time>2026-10-02T13:52:33.020Z</time>
      </trkpt>
      <trkpt lat="46.530080" lon="12.013013">
        <ele>2527.078</ele>
        <time>2026-10-02T13:54:06.020Z</time>
      </trkpt>
      <trkpt lat="46.530125" lon="12.013012">
        <ele>2525.846</ele>
        <time>2026-10-02T13:54:11.020Z</time>
      </trkpt>
      <trkpt lat="46.530172" lon="12.013007">
        <ele>2525.588</ele>
        <time>2026-10-02T13:54:17.020Z</time>
      </trkpt>
      <trkpt lat="46.530214" lon="12.012981">
        <ele>2525.516</ele>
        <time>2026-10-02T13:54:22.020Z</time>
      </trkpt>
      <trkpt lat="46.530261" lon="12.012963">
        <ele>2525.509</ele>
        <time>2026-10-02T13:54:29.020Z</time>
      </trkpt>
      <trkpt lat="46.530304" lon="12.012942">
        <ele>2526.186</ele>
        <time>2026-10-02T13:54:35.020Z</time>
      </trkpt>
      <trkpt lat="46.530354" lon="12.012937">
        <ele>2526.942</ele>
        <time>2026-10-02T13:54:42.020Z</time>
      </trkpt>
      <trkpt lat="46.530396" lon="12.012907">
        <ele>2527.723</ele>
        <time>2026-10-02T13:54:47.020Z</time>
      </trkpt>
      <trkpt lat="46.530360" lon="12.012862">
        <ele>2528.094</ele>
        <time>2026-10-02T13:55:17.020Z</time>
      </trkpt>
      <trkpt lat="46.530340" lon="12.012791">
        <ele>2528.178</ele>
        <time>2026-10-02T13:55:23.022Z</time>
      </trkpt>
      <trkpt lat="46.530286" lon="12.012758">
        <ele>2528.525</ele>
        <time>2026-10-02T13:55:26.022Z</time>
      </trkpt>
      <trkpt lat="46.530286" lon="12.012687">
        <ele>2528.939</ele>
        <time>2026-10-02T13:55:33.022Z</time>
      </trkpt>
      <trkpt lat="46.530256" lon="12.012637">
        <ele>2529.059</ele>
        <time>2026-10-02T13:55:39.022Z</time>
      </trkpt>
      <trkpt lat="46.530223" lon="12.012590">
        <ele>2529.856</ele>
        <time>2026-10-02T13:55:45.022Z</time>
      </trkpt>
      <trkpt lat="46.530197" lon="12.012517">
        <ele>2531.252</ele>
        <time>2026-10-02T13:56:02.022Z</time>
      </trkpt>
      <trkpt lat="46.530155" lon="12.012458">
        <ele>2532.453</ele>
        <time>2026-10-02T13:56:06.022Z</time>
      </trkpt>
      <trkpt lat="46.530118" lon="12.012416">
        <ele>2534.008</ele>
        <time>2026-10-02T13:56:11.022Z</time>
      </trkpt>
      <trkpt lat="46.530105" lon="12.012341">
        <ele>2535.409</ele>
        <time>2026-10-02T13:56:16.022Z</time>
      </trkpt>
      <trkpt lat="46.530089" lon="12.012278">
        <ele>2536.487</ele>
        <time>2026-10-02T13:56:20.022Z</time>
      </trkpt>
      <trkpt lat="46.530043" lon="12.012266">
        <ele>2537.423</ele>
        <time>2026-10-02T13:56:23.022Z</time>
      </trkpt>
      <trkpt lat="46.530039" lon="12.012199">
        <ele>2538.234</ele>
        <time>2026-10-02T13:56:32.022Z</time>
      </trkpt>
      <trkpt lat="46.530051" lon="12.012126">
        <ele>2539.125</ele>
        <time>2026-10-02T13:56:38.022Z</time>
      </trkpt>
      <trkpt lat="46.529999" lon="12.012124">
        <ele>2540.469</ele>
        <time>2026-10-02T13:56:43.022Z</time>
      </trkpt>
      <trkpt lat="46.529956" lon="12.012145">
        <ele>2541.896</ele>
        <time>2026-10-02T13:56:51.022Z</time>
      </trkpt>
      <trkpt lat="46.529909" lon="12.012140">
        <ele>2542.950</ele>
        <time>2026-10-02T13:57:48.023Z</time>
      </trkpt>
      <trkpt lat="46.529960" lon="12.012188">
        <ele>2544.150</ele>
        <time>2026-10-02T13:57:53.023Z</time>
      </trkpt>
      <trkpt lat="46.529934" lon="12.012259">
        <ele>2545.327</ele>
        <time>2026-10-02T13:58:26.023Z</time>
      </trkpt>
      <trkpt lat="46.529908" lon="12.012177">
        <ele>2546.146</ele>
        <time>2026-10-02T13:58:31.023Z</time>
      </trkpt>
      <trkpt lat="46.529986" lon="12.012192">
        <ele>2546.288</ele>
        <time>2026-10-02T13:58:42.023Z</time>
      </trkpt>
      <trkpt lat="46.529945" lon="12.012224">
        <ele>2546.216</ele>
        <time>2026-10-02T13:58:48.022Z</time>
      </trkpt>
      <trkpt lat="46.529952" lon="12.012159">
        <ele>2546.209</ele>
        <time>2026-10-02T13:58:59.022Z</time>
      </trkpt>
      <trkpt lat="46.529917" lon="12.012248">
        <ele>2546.256</ele>
        <time>2026-10-02T13:59:06.022Z</time>
      </trkpt>
      <trkpt lat="46.529917" lon="12.012318">
        <ele>2546.642</ele>
        <time>2026-10-02T13:59:16.022Z</time>
      </trkpt>
      <trkpt lat="46.529927" lon="12.012239">
        <ele>2546.473</ele>
        <time>2026-10-02T13:59:22.022Z</time>
      </trkpt>
      <trkpt lat="46.529939" lon="12.012157">
        <ele>2546.674</ele>
        <time>2026-10-02T13:59:26.022Z</time>
      </trkpt>
      <trkpt lat="46.529937" lon="12.012079">
        <ele>2546.688</ele>
        <time>2026-10-02T13:59:30.023Z</time>
      </trkpt>
      <trkpt lat="46.529921" lon="12.012014">
        <ele>2546.855</ele>
        <time>2026-10-02T13:59:43.023Z</time>
      </trkpt>
      <trkpt lat="46.529956" lon="12.011957">
        <ele>2546.939</ele>
        <time>2026-10-02T14:00:18.023Z</time>
      </trkpt>
      <trkpt lat="46.529912" lon="12.011935">
        <ele>2547.719</ele>
        <time>2026-10-02T14:00:29.023Z</time>
      </trkpt>
      <trkpt lat="46.529868" lon="12.011960">
        <ele>2548.786</ele>
        <time>2026-10-02T14:00:37.023Z</time>
      </trkpt>
      <trkpt lat="46.529823" lon="12.011993">
        <ele>2550.062</ele>
        <time>2026-10-02T14:00:47.023Z</time>
      </trkpt>
      <trkpt lat="46.529810" lon="12.012059">
        <ele>2551.383</ele>
        <time>2026-10-02T14:00:55.023Z</time>
      </trkpt>
      <trkpt lat="46.529835" lon="12.012121">
        <ele>2552.411</ele>
        <time>2026-10-02T14:01:05.023Z</time>
      </trkpt>
      <trkpt lat="46.529851" lon="12.012184">
        <ele>2553.609</ele>
        <time>2026-10-02T14:01:18.023Z</time>
      </trkpt>
      <trkpt lat="46.529804" lon="12.012197">
        <ele>2554.838</ele>
        <time>2026-10-02T14:01:56.023Z</time>
      </trkpt>
      <trkpt lat="46.529773" lon="12.012246">
        <ele>2556.124</ele>
        <time>2026-10-02T14:02:05.023Z</time>
      </trkpt>
      <trkpt lat="46.529739" lon="12.012199">
        <ele>2557.955</ele>
        <time>2026-10-02T14:02:15.023Z</time>
      </trkpt>
      <trkpt lat="46.529738" lon="12.012132">
        <ele>2559.676</ele>
        <time>2026-10-02T14:02:44.023Z</time>
      </trkpt>
      <trkpt lat="46.529748" lon="12.012202">
        <ele>2561.010</ele>
        <time>2026-10-02T14:02:58.023Z</time>
      </trkpt>
      <trkpt lat="46.529712" lon="12.012155">
        <ele>2562.357</ele>
        <time>2026-10-02T14:04:07.022Z</time>
      </trkpt>
      <trkpt lat="46.529685" lon="12.012102">
        <ele>2562.861</ele>
        <time>2026-10-02T14:04:17.022Z</time>
      </trkpt>
      <trkpt lat="46.529635" lon="12.012097">
        <ele>2562.811</ele>
        <time>2026-10-02T14:04:29.022Z</time>
      </trkpt>
      <trkpt lat="46.529607" lon="12.012032">
        <ele>2563.618</ele>
        <time>2026-10-02T14:04:39.022Z</time>
      </trkpt>
      <trkpt lat="46.529561" lon="12.012047">
        <ele>2565.665</ele>
        <time>2026-10-02T14:05:39.022Z</time>
      </trkpt>
      <trkpt lat="46.529519" lon="12.012023">
        <ele>2567.668</ele>
        <time>2026-10-02T14:05:55.020Z</time>
      </trkpt>
      <trkpt lat="46.529556" lon="12.012085">
        <ele>2569.214</ele>
        <time>2026-10-02T14:06:00.099Z</time>
      </trkpt>
      <trkpt lat="46.529547" lon="12.011927">
        <ele>2570.109</ele>
        <time>2026-10-02T14:09:54.037Z</time>
      </trkpt>
      <trkpt lat="46.529512" lon="12.011975">
        <ele>2570.318</ele>
        <time>2026-10-02T14:09:57.022Z</time>
      </trkpt>
      <trkpt lat="46.529485" lon="12.012041">
        <ele>2570.364</ele>
        <time>2026-10-02T14:09:58.022Z</time>
      </trkpt>
      <trkpt lat="46.529541" lon="12.012038">
        <ele>2570.435</ele>
        <time>2026-10-02T14:10:01.022Z</time>
      </trkpt>
      <trkpt lat="46.529664" lon="12.012152">
        <ele>2570.426</ele>
        <time>2026-10-02T14:11:06.051Z</time>
      </trkpt>
      <trkpt lat="46.529657" lon="12.012274">
        <ele>2570.070</ele>
        <time>2026-10-02T14:11:07.052Z</time>
      </trkpt>
      <trkpt lat="46.529617" lon="12.012321">
        <ele>2570.097</ele>
        <time>2026-10-02T14:11:09.053Z</time>
      </trkpt>
      <trkpt lat="46.529583" lon="12.012278">
        <ele>2570.091</ele>
        <time>2026-10-02T14:11:12.024Z</time>
      </trkpt>
      <trkpt lat="46.529634" lon="12.012237">
        <ele>2570.061</ele>
        <time>2026-10-02T14:11:33.024Z</time>
      </trkpt>
      <trkpt lat="46.529595" lon="12.012194">
        <ele>2570.028</ele>
        <time>2026-10-02T14:11:39.024Z</time>
      </trkpt>
      <trkpt lat="46.529637" lon="12.012171">
        <ele>2570.086</ele>
        <time>2026-10-02T14:11:43.024Z</time>
      </trkpt>
      <trkpt lat="46.529683" lon="12.012195">
        <ele>2569.860</ele>
        <time>2026-10-02T14:11:44.024Z</time>
      </trkpt>
      <trkpt lat="46.529662" lon="12.012137">
        <ele>2569.626</ele>
        <time>2026-10-02T14:11:47.024Z</time>
      </trkpt>
      <trkpt lat="46.530858" lon="12.007862">
        <ele>2569.209</ele>
        <time>2026-10-02T14:11:53.024Z</time>
      </trkpt>
      <trkpt lat="46.530915" lon="12.007411">
        <ele>2569.230</ele>
        <time>2026-10-02T14:11:54.024Z</time>
      </trkpt>
      <trkpt lat="46.530989" lon="12.007048">
        <ele>2569.296</ele>
        <time>2026-10-02T14:11:55.024Z</time>
      </trkpt>
      <trkpt lat="46.531081" lon="12.006779">
        <ele>2569.257</ele>
        <time>2026-10-02T14:11:56.024Z</time>
      </trkpt>
      <trkpt lat="46.531148" lon="12.006406">
        <ele>2569.248</ele>
        <time>2026-10-02T14:11:57.024Z</time>
      </trkpt>
      <trkpt lat="46.529608" lon="12.012134">
        <ele>2568.732</ele>
        <time>2026-10-02T14:12:13.053Z</time>
      </trkpt>
      <trkpt lat="46.530521" lon="12.007997">
        <ele>2568.699</ele>
        <time>2026-10-02T14:12:16.052Z</time>
      </trkpt>
      <trkpt lat="46.529592" lon="12.012242">
        <ele>2568.863</ele>
        <time>2026-10-02T14:12:19.025Z</time>
      </trkpt>
      <trkpt lat="46.529593" lon="12.012143">
        <ele>2568.833</ele>
        <time>2026-10-02T14:12:23.023Z</time>
      </trkpt>
      <trkpt lat="46.529643" lon="12.012166">
        <ele>2568.810</ele>
        <time>2026-10-02T14:12:29.023Z</time>
      </trkpt>
      <trkpt lat="46.529607" lon="12.012220">
        <ele>2568.828</ele>
        <time>2026-10-02T14:12:51.024Z</time>
      </trkpt>
      <trkpt lat="46.529579" lon="12.012144">
        <ele>2568.889</ele>
        <time>2026-10-02T14:13:36.025Z</time>
      </trkpt>
      <trkpt lat="46.529602" lon="12.012073">
        <ele>2568.917</ele>
        <time>2026-10-02T14:13:37.025Z</time>
      </trkpt>
      <trkpt lat="46.529632" lon="12.011967">
        <ele>2569.509</ele>
        <time>2026-10-02T14:13:39.101Z</time>
      </trkpt>
      <trkpt lat="46.529646" lon="12.011869">
        <ele>2569.544</ele>
        <time>2026-10-02T14:13:42.069Z</time>
      </trkpt>
      <trkpt lat="46.529553" lon="12.011875">
        <ele>2569.530</ele>
        <time>2026-10-02T14:14:24.051Z</time>
      </trkpt>
      <trkpt lat="46.529575" lon="12.011963">
        <ele>2569.681</ele>
        <time>2026-10-02T14:14:25.060Z</time>
      </trkpt>
      <trkpt lat="46.529538" lon="12.012021">
        <ele>2569.842</ele>
        <time>2026-10-02T14:14:26.053Z</time>
      </trkpt>
      <trkpt lat="46.529534" lon="12.011953">
        <ele>2569.896</ele>
        <time>2026-10-02T14:15:12.027Z</time>
      </trkpt>
      <trkpt lat="46.529499" lon="12.011902">
        <ele>2569.823</ele>
        <time>2026-10-02T14:15:18.027Z</time>
      </trkpt>
      <trkpt lat="46.529495" lon="12.011837">
        <ele>2569.977</ele>
        <time>2026-10-02T14:15:30.027Z</time>
      </trkpt>
      <trkpt lat="46.529465" lon="12.011782">
        <ele>2570.187</ele>
        <time>2026-10-02T14:15:36.026Z</time>
      </trkpt>
      <trkpt lat="46.529465" lon="12.011711">
        <ele>2570.744</ele>
        <time>2026-10-02T14:15:42.026Z</time>
      </trkpt>
      <trkpt lat="46.529458" lon="12.011632">
        <ele>2571.529</ele>
        <time>2026-10-02T14:15:49.026Z</time>
      </trkpt>
      <trkpt lat="46.529457" lon="12.011561">
        <ele>2572.400</ele>
        <time>2026-10-02T14:15:56.026Z</time>
      </trkpt>
      <trkpt lat="46.529423" lon="12.011608">
        <ele>2573.720</ele>
        <time>2026-10-02T14:16:01.026Z</time>
      </trkpt>
      <trkpt lat="46.529405" lon="12.011668">
        <ele>2575.109</ele>
        <time>2026-10-02T14:16:07.026Z</time>
      </trkpt>
      <trkpt lat="46.529375" lon="12.011720">
        <ele>2576.564</ele>
        <time>2026-10-02T14:16:16.026Z</time>
      </trkpt>
      <trkpt lat="46.529338" lon="12.011760">
        <ele>2577.590</ele>
        <time>2026-10-02T14:16:25.026Z</time>
      </trkpt>
      <trkpt lat="46.529316" lon="12.011831">
        <ele>2578.451</ele>
        <time>2026-10-02T14:16:37.026Z</time>
      </trkpt>
      <trkpt lat="46.529315" lon="12.011756">
        <ele>2579.942</ele>
        <time>2026-10-02T14:17:16.024Z</time>
      </trkpt>
      <trkpt lat="46.529323" lon="12.011680">
        <ele>2581.746</ele>
        <time>2026-10-02T14:17:24.024Z</time>
      </trkpt>
      <trkpt lat="46.529351" lon="12.011623">
        <ele>2582.743</ele>
        <time>2026-10-02T14:17:50.024Z</time>
      </trkpt>
      <trkpt lat="46.529321" lon="12.011551">
        <ele>2582.877</ele>
        <time>2026-10-02T14:17:57.024Z</time>
      </trkpt>
      <trkpt lat="46.529323" lon="12.011485">
        <ele>2583.167</ele>
        <time>2026-10-02T14:18:05.024Z</time>
      </trkpt>
      <trkpt lat="46.529284" lon="12.011523">
        <ele>2584.144</ele>
        <time>2026-10-02T14:19:16.023Z</time>
      </trkpt>
      <trkpt lat="46.529247" lon="12.011560">
        <ele>2585.657</ele>
        <time>2026-10-02T14:19:22.023Z</time>
      </trkpt>
      <trkpt lat="46.529215" lon="12.011511">
        <ele>2587.300</ele>
        <time>2026-10-02T14:19:31.023Z</time>
      </trkpt>
      <trkpt lat="46.529242" lon="12.011448">
        <ele>2588.720</ele>
        <time>2026-10-02T14:19:37.023Z</time>
      </trkpt>
      <trkpt lat="46.529249" lon="12.011374">
        <ele>2589.909</ele>
        <time>2026-10-02T14:19:44.023Z</time>
      </trkpt>
      <trkpt lat="46.529202" lon="12.011377">
        <ele>2591.327</ele>
        <time>2026-10-02T14:19:51.023Z</time>
      </trkpt>
      <trkpt lat="46.529173" lon="12.011432">
        <ele>2592.493</ele>
        <time>2026-10-02T14:19:58.023Z</time>
      </trkpt>
      <trkpt lat="46.529138" lon="12.011474">
        <ele>2593.244</ele>
        <time>2026-10-02T14:20:04.023Z</time>
      </trkpt>
      <trkpt lat="46.529116" lon="12.011531">
        <ele>2594.135</ele>
        <time>2026-10-02T14:20:16.023Z</time>
      </trkpt>
      <trkpt lat="46.529094" lon="12.011589">
        <ele>2595.379</ele>
        <time>2026-10-02T14:20:22.023Z</time>
      </trkpt>
      <trkpt lat="46.529056" lon="12.011630">
        <ele>2596.946</ele>
        <time>2026-10-02T14:20:31.023Z</time>
      </trkpt>
      <trkpt lat="46.529025" lon="12.011575">
        <ele>2598.330</ele>
        <time>2026-10-02T14:21:09.021Z</time>
      </trkpt>
      <trkpt lat="46.529003" lon="12.011517">
        <ele>2599.710</ele>
        <time>2026-10-02T14:21:16.021Z</time>
      </trkpt>
      <trkpt lat="46.528982" lon="12.011451">
        <ele>2601.887</ele>
        <time>2026-10-02T14:21:23.021Z</time>
      </trkpt>
      <trkpt lat="46.529019" lon="12.011371">
        <ele>2603.699</ele>
        <time>2026-10-02T14:21:29.021Z</time>
      </trkpt>
      <trkpt lat="46.528982" lon="12.011328">
        <ele>2604.907</ele>
        <time>2026-10-02T14:21:49.021Z</time>
      </trkpt>
      <trkpt lat="46.528930" lon="12.011321">
        <ele>2605.927</ele>
        <time>2026-10-02T14:21:57.021Z</time>
      </trkpt>
      <trkpt lat="46.528902" lon="12.011379">
        <ele>2606.909</ele>
        <time>2026-10-02T14:22:06.021Z</time>
      </trkpt>
      <trkpt lat="46.528894" lon="12.011445">
        <ele>2608.281</ele>
        <time>2026-10-02T14:22:15.021Z</time>
      </trkpt>
      <trkpt lat="46.528883" lon="12.011510">
        <ele>2609.967</ele>
        <time>2026-10-02T14:22:22.021Z</time>
      </trkpt>
      <trkpt lat="46.528881" lon="12.011581">
        <ele>2611.298</ele>
        <time>2026-10-02T14:22:40.021Z</time>
      </trkpt>
      <trkpt lat="46.528850" lon="12.011633">
        <ele>2611.659</ele>
        <time>2026-10-02T14:24:13.022Z</time>
      </trkpt>
      <trkpt lat="46.528796" lon="12.011648">
        <ele>2611.713</ele>
        <time>2026-10-02T14:24:19.022Z</time>
      </trkpt>
      <trkpt lat="46.528845" lon="12.011597">
        <ele>2611.790</ele>
        <time>2026-10-02T14:24:26.022Z</time>
      </trkpt>
      <trkpt lat="46.528843" lon="12.011502">
        <ele>2611.454</ele>
        <time>2026-10-02T14:24:29.022Z</time>
      </trkpt>
      <trkpt lat="46.528876" lon="12.011563">
        <ele>2611.374</ele>
        <time>2026-10-02T14:24:32.022Z</time>
      </trkpt>
      <trkpt lat="46.528948" lon="12.011551">
        <ele>2611.231</ele>
        <time>2026-10-02T14:24:38.022Z</time>
      </trkpt>
      <trkpt lat="46.528999" lon="12.011513">
        <ele>2611.133</ele>
        <time>2026-10-02T14:24:39.022Z</time>
      </trkpt>
      <trkpt lat="46.529023" lon="12.011448">
        <ele>2610.823</ele>
        <time>2026-10-02T14:24:42.022Z</time>
      </trkpt>
      <trkpt lat="46.529010" lon="12.011535">
        <ele>2610.815</ele>
        <time>2026-10-02T14:24:47.022Z</time>
      </trkpt>
      <trkpt lat="46.529051" lon="12.011615">
        <ele>2610.809</ele>
        <time>2026-10-02T14:24:59.022Z</time>
      </trkpt>
      <trkpt lat="46.529435" lon="12.011745">
        <ele>2610.935</ele>
        <time>2026-10-02T14:25:04.022Z</time>
      </trkpt>
      <trkpt lat="46.529485" lon="12.011693">
        <ele>2610.961</ele>
        <time>2026-10-02T14:25:05.022Z</time>
      </trkpt>
      <trkpt lat="46.529517" lon="12.011581">
        <ele>2610.982</ele>
        <time>2026-10-02T14:25:06.022Z</time>
      </trkpt>
      <trkpt lat="46.529507" lon="12.011495">
        <ele>2610.963</ele>
        <time>2026-10-02T14:25:07.022Z</time>
      </trkpt>
      <trkpt lat="46.529126" lon="12.011812">
        <ele>2611.617</ele>
        <time>2026-10-02T14:25:12.022Z</time>
      </trkpt>
      <trkpt lat="46.529183" lon="12.011803">
        <ele>2611.864</ele>
        <time>2026-10-02T14:25:13.022Z</time>
      </trkpt>
      <trkpt lat="46.529123" lon="12.011808">
        <ele>2612.028</ele>
        <time>2026-10-02T14:25:14.022Z</time>
      </trkpt>
      <trkpt lat="46.529047" lon="12.011821">
        <ele>2612.148</ele>
        <time>2026-10-02T14:25:15.022Z</time>
      </trkpt>
      <trkpt lat="46.528997" lon="12.011804">
        <ele>2612.195</ele>
        <time>2026-10-02T14:25:18.022Z</time>
      </trkpt>
      <trkpt lat="46.528956" lon="12.011760">
        <ele>2612.174</ele>
        <time>2026-10-02T14:25:20.022Z</time>
      </trkpt>
      <trkpt lat="46.528911" lon="12.011685">
        <ele>2612.156</ele>
        <time>2026-10-02T14:25:22.022Z</time>
      </trkpt>
      <trkpt lat="46.528881" lon="12.011598">
        <ele>2612.021</ele>
        <time>2026-10-02T14:25:26.022Z</time>
      </trkpt>
      <trkpt lat="46.528905" lon="12.011536">
        <ele>2612.009</ele>
        <time>2026-10-02T14:25:48.022Z</time>
      </trkpt>
      <trkpt lat="46.528848" lon="12.011528">
        <ele>2612.079</ele>
        <time>2026-10-02T14:26:05.022Z</time>
      </trkpt>
      <trkpt lat="46.528805" lon="12.011495">
        <ele>2612.045</ele>
        <time>2026-10-02T14:26:58.023Z</time>
      </trkpt>
      <trkpt lat="46.528814" lon="12.011431">
        <ele>2612.436</ele>
        <time>2026-10-02T14:27:06.023Z</time>
      </trkpt>
      <trkpt lat="46.528778" lon="12.011384">
        <ele>2614.337</ele>
        <time>2026-10-02T14:27:15.023Z</time>
      </trkpt>
      <trkpt lat="46.528855" lon="12.011347">
        <ele>2616.221</ele>
        <time>2026-10-02T14:28:05.022Z</time>
      </trkpt>
      <trkpt lat="46.528802" lon="12.011330">
        <ele>2616.898</ele>
        <time>2026-10-02T14:28:07.022Z</time>
      </trkpt>
      <trkpt lat="46.528804" lon="12.011260">
        <ele>2616.912</ele>
        <time>2026-10-02T14:28:16.022Z</time>
      </trkpt>
      <trkpt lat="46.528802" lon="12.011188">
        <ele>2617.062</ele>
        <time>2026-10-02T14:28:24.022Z</time>
      </trkpt>
      <trkpt lat="46.528816" lon="12.011121">
        <ele>2617.789</ele>
        <time>2026-10-02T14:28:38.022Z</time>
      </trkpt>
      <trkpt lat="46.528805" lon="12.011048">
        <ele>2618.286</ele>
        <time>2026-10-02T14:28:46.022Z</time>
      </trkpt>
      <trkpt lat="46.528813" lon="12.010979">
        <ele>2619.360</ele>
        <time>2026-10-02T14:28:56.022Z</time>
      </trkpt>
      <trkpt lat="46.528796" lon="12.010917">
        <ele>2620.126</ele>
        <time>2026-10-02T14:29:06.022Z</time>
      </trkpt>
      <trkpt lat="46.528774" lon="12.010858">
        <ele>2620.409</ele>
        <time>2026-10-02T14:30:30.022Z</time>
      </trkpt>
      <trkpt lat="46.528735" lon="12.010815">
        <ele>2621.250</ele>
        <time>2026-10-02T14:30:38.022Z</time>
      </trkpt>
      <trkpt lat="46.528712" lon="12.010879">
        <ele>2622.736</ele>
        <time>2026-10-02T14:30:47.022Z</time>
      </trkpt>
      <trkpt lat="46.528671" lon="12.010846">
        <ele>2624.057</ele>
        <time>2026-10-02T14:31:22.023Z</time>
      </trkpt>
      <trkpt lat="46.528651" lon="12.010776">
        <ele>2625.138</ele>
        <time>2026-10-02T14:31:46.022Z</time>
      </trkpt>
      <trkpt lat="46.528617" lon="12.010828">
        <ele>2626.312</ele>
        <time>2026-10-02T14:31:58.022Z</time>
      </trkpt>
      <trkpt lat="46.528573" lon="12.010782">
        <ele>2627.439</ele>
        <time>2026-10-02T14:32:07.022Z</time>
      </trkpt>
      <trkpt lat="46.528557" lon="12.010710">
        <ele>2628.913</ele>
        <time>2026-10-02T14:32:13.022Z</time>
      </trkpt>
      <trkpt lat="46.528555" lon="12.010644">
        <ele>2630.453</ele>
        <time>2026-10-02T14:32:19.022Z</time>
      </trkpt>
      <trkpt lat="46.528545" lon="12.010577">
        <ele>2631.550</ele>
        <time>2026-10-02T14:32:25.022Z</time>
      </trkpt>
      <trkpt lat="46.528567" lon="12.010511">
        <ele>2632.648</ele>
        <time>2026-10-02T14:32:33.022Z</time>
      </trkpt>
      <trkpt lat="46.528555" lon="12.010437">
        <ele>2633.461</ele>
        <time>2026-10-02T14:32:56.021Z</time>
      </trkpt>
      <trkpt lat="46.528517" lon="12.010397">
        <ele>2634.317</ele>
        <time>2026-10-02T14:33:16.021Z</time>
      </trkpt>
      <trkpt lat="46.528467" lon="12.010413">
        <ele>2635.609</ele>
        <time>2026-10-02T14:33:22.021Z</time>
      </trkpt>
      <trkpt lat="46.528453" lon="12.010476">
        <ele>2637.446</ele>
        <time>2026-10-02T14:33:29.022Z</time>
      </trkpt>
      <trkpt lat="46.528416" lon="12.010532">
        <ele>2638.862</ele>
        <time>2026-10-02T14:33:35.022Z</time>
      </trkpt>
      <trkpt lat="46.528367" lon="12.010554">
        <ele>2639.413</ele>
        <time>2026-10-02T14:33:43.022Z</time>
      </trkpt>
      <trkpt lat="46.528380" lon="12.010630">
        <ele>2639.694</ele>
        <time>2026-10-02T14:33:53.022Z</time>
      </trkpt>
      <trkpt lat="46.528334" lon="12.010611">
        <ele>2640.168</ele>
        <time>2026-10-02T14:34:02.022Z</time>
      </trkpt>
      <trkpt lat="46.528288" lon="12.010636">
        <ele>2641.165</ele>
        <time>2026-10-02T14:34:08.022Z</time>
      </trkpt>
      <trkpt lat="46.528252" lon="12.010675">
        <ele>2641.889</ele>
        <time>2026-10-02T14:34:16.022Z</time>
      </trkpt>
      <trkpt lat="46.528215" lon="12.010728">
        <ele>2642.219</ele>
        <time>2026-10-02T14:34:37.022Z</time>
      </trkpt>
      <trkpt lat="46.528250" lon="12.010683">
        <ele>2643.196</ele>
        <time>2026-10-02T14:35:18.022Z</time>
      </trkpt>
      <trkpt lat="46.528259" lon="12.010619">
        <ele>2644.055</ele>
        <time>2026-10-02T14:35:23.022Z</time>
      </trkpt>
      <trkpt lat="46.528215" lon="12.010593">
        <ele>2644.107</ele>
        <time>2026-10-02T14:35:34.022Z</time>
      </trkpt>
      <trkpt lat="46.528239" lon="12.010524">
        <ele>2644.317</ele>
        <time>2026-10-02T14:35:56.022Z</time>
      </trkpt>
      <trkpt lat="46.528223" lon="12.010457">
        <ele>2645.309</ele>
        <time>2026-10-02T14:36:02.022Z</time>
      </trkpt>
      <trkpt lat="46.528192" lon="12.010510">
        <ele>2646.477</ele>
        <time>2026-10-02T14:36:09.022Z</time>
      </trkpt>
      <trkpt lat="46.528149" lon="12.010533">
        <ele>2647.193</ele>
        <time>2026-10-02T14:36:15.022Z</time>
      </trkpt>
      <trkpt lat="46.528104" lon="12.010549">
        <ele>2648.134</ele>
        <time>2026-10-02T14:36:21.022Z</time>
      </trkpt>
      <trkpt lat="46.528069" lon="12.010612">
        <ele>2649.045</ele>
        <time>2026-10-02T14:36:27.022Z</time>
      </trkpt>
      <trkpt lat="46.528038" lon="12.010669">
        <ele>2649.969</ele>
        <time>2026-10-02T14:36:54.022Z</time>
      </trkpt>
      <trkpt lat="46.528000" lon="12.010626">
        <ele>2650.976</ele>
        <time>2026-10-02T14:37:20.022Z</time>
      </trkpt>
      <trkpt lat="46.527956" lon="12.010637">
        <ele>2652.270</ele>
        <time>2026-10-02T14:37:29.022Z</time>
      </trkpt>
      <trkpt lat="46.527918" lon="12.010591">
        <ele>2653.660</ele>
        <time>2026-10-02T14:37:41.022Z</time>
      </trkpt>
      <trkpt lat="46.527882" lon="12.010545">
        <ele>2654.937</ele>
        <time>2026-10-02T14:37:52.022Z</time>
      </trkpt>
      <trkpt lat="46.527837" lon="12.010525">
        <ele>2656.731</ele>
        <time>2026-10-02T14:38:05.022Z</time>
      </trkpt>
      <trkpt lat="46.527801" lon="12.010567">
        <ele>2658.761</ele>
        <time>2026-10-02T14:38:11.022Z</time>
      </trkpt>
      <trkpt lat="46.527762" lon="12.010611">
        <ele>2660.707</ele>
        <time>2026-10-02T14:38:25.022Z</time>
      </trkpt>
      <trkpt lat="46.527747" lon="12.010674">
        <ele>2662.009</ele>
        <time>2026-10-02T14:38:30.022Z</time>
      </trkpt>
      <trkpt lat="46.527685" lon="12.010531">
        <ele>2663.455</ele>
        <time>2026-10-02T14:38:38.022Z</time>
      </trkpt>
      <trkpt lat="46.527732" lon="12.010518">
        <ele>2663.411</ele>
        <time>2026-10-02T14:38:39.022Z</time>
      </trkpt>
      <trkpt lat="46.527782" lon="12.010545">
        <ele>2663.852</ele>
        <time>2026-10-02T14:38:58.022Z</time>
      </trkpt>
      <trkpt lat="46.527788" lon="12.010478">
        <ele>2663.873</ele>
        <time>2026-10-02T14:39:23.022Z</time>
      </trkpt>
      <trkpt lat="46.527805" lon="12.010411">
        <ele>2663.937</ele>
        <time>2026-10-02T14:39:45.023Z</time>
      </trkpt>
      <trkpt lat="46.527811" lon="12.010339">
        <ele>2664.314</ele>
        <time>2026-10-02T14:39:52.023Z</time>
      </trkpt>
      <trkpt lat="46.527829" lon="12.010277">
        <ele>2665.118</ele>
        <time>2026-10-02T14:39:58.023Z</time>
      </trkpt>
      <trkpt lat="46.527842" lon="12.010213">
        <ele>2665.878</ele>
        <time>2026-10-02T14:40:03.023Z</time>
      </trkpt>
      <trkpt lat="46.527858" lon="12.010144">
        <ele>2666.335</ele>
        <time>2026-10-02T14:40:53.023Z</time>
      </trkpt>
      <trkpt lat="46.527874" lon="12.010071">
        <ele>2666.719</ele>
        <time>2026-10-02T14:40:58.023Z</time>
      </trkpt>
      <trkpt lat="46.527875" lon="12.010004">
        <ele>2667.109</ele>
        <time>2026-10-02T14:41:02.023Z</time>
      </trkpt>
      <trkpt lat="46.527839" lon="12.010050">
        <ele>2667.619</ele>
        <time>2026-10-02T14:41:07.023Z</time>
      </trkpt>
      <trkpt lat="46.527802" lon="12.010103">
        <ele>2668.109</ele>
        <time>2026-10-02T14:41:12.023Z</time>
      </trkpt>
      <trkpt lat="46.527746" lon="12.010136">
        <ele>2668.663</ele>
        <time>2026-10-02T14:41:18.023Z</time>
      </trkpt>
      <trkpt lat="46.527792" lon="12.010150">
        <ele>2669.179</ele>
        <time>2026-10-02T14:41:47.023Z</time>
      </trkpt>
      <trkpt lat="46.527787" lon="12.010077">
        <ele>2669.620</ele>
        <time>2026-10-02T14:41:52.024Z</time>
      </trkpt>
      <trkpt lat="46.527790" lon="12.009996">
        <ele>2669.931</ele>
        <time>2026-10-02T14:41:57.024Z</time>
      </trkpt>
      <trkpt lat="46.527789" lon="12.009915">
        <ele>2670.275</ele>
        <time>2026-10-02T14:42:04.024Z</time>
      </trkpt>
      <trkpt lat="46.527784" lon="12.009850">
        <ele>2670.672</ele>
        <time>2026-10-02T14:42:09.024Z</time>
      </trkpt>
      <trkpt lat="46.527793" lon="12.009780">
        <ele>2671.666</ele>
        <time>2026-10-02T14:42:17.024Z</time>
      </trkpt>
      <trkpt lat="46.527786" lon="12.009714">
        <ele>2672.566</ele>
        <time>2026-10-02T14:42:25.024Z</time>
      </trkpt>
      <trkpt lat="46.527762" lon="12.009656">
        <ele>2673.493</ele>
        <time>2026-10-02T14:43:05.024Z</time>
      </trkpt>
      <trkpt lat="46.527751" lon="12.009591">
        <ele>2674.218</ele>
        <time>2026-10-02T14:43:41.024Z</time>
      </trkpt>
      <trkpt lat="46.527725" lon="12.009520">
        <ele>2674.798</ele>
        <time>2026-10-02T14:44:11.025Z</time>
      </trkpt>
      <trkpt lat="46.527712" lon="12.009451">
        <ele>2675.417</ele>
        <time>2026-10-02T14:44:37.025Z</time>
      </trkpt>
      <trkpt lat="46.527670" lon="12.009418">
        <ele>2676.109</ele>
        <time>2026-10-02T14:45:01.025Z</time>
      </trkpt>
      <trkpt lat="46.527630" lon="12.009377">
        <ele>2676.743</ele>
        <time>2026-10-02T14:45:50.025Z</time>
      </trkpt>
      <trkpt lat="46.527625" lon="12.009311">
        <ele>2677.859</ele>
        <time>2026-10-02T14:46:39.025Z</time>
      </trkpt>
      <trkpt lat="46.527591" lon="12.009268">
        <ele>2679.070</ele>
        <time>2026-10-02T14:46:50.025Z</time>
      </trkpt>
      <trkpt lat="46.527568" lon="12.009203">
        <ele>2680.121</ele>
        <time>2026-10-02T14:47:06.025Z</time>
      </trkpt>
      <trkpt lat="46.527613" lon="12.009190">
        <ele>2681.375</ele>
        <time>2026-10-02T14:47:33.025Z</time>
      </trkpt>
      <trkpt lat="46.527635" lon="12.009254">
        <ele>2682.012</ele>
        <time>2026-10-02T14:47:41.025Z</time>
      </trkpt>
      <trkpt lat="46.527653" lon="12.009325">
        <ele>2682.066</ele>
        <time>2026-10-02T14:47:49.025Z</time>
      </trkpt>
      <trkpt lat="46.527636" lon="12.009397">
        <ele>2682.096</ele>
        <time>2026-10-02T14:48:05.025Z</time>
      </trkpt>
      <trkpt lat="46.527658" lon="12.009454">
        <ele>2681.563</ele>
        <time>2026-10-02T14:48:13.025Z</time>
      </trkpt>
      <trkpt lat="46.527683" lon="12.009516">
        <ele>2680.422</ele>
        <time>2026-10-02T14:48:27.025Z</time>
      </trkpt>
      <trkpt lat="46.527713" lon="12.009460">
        <ele>2679.562</ele>
        <time>2026-10-02T14:49:26.025Z</time>
      </trkpt>
      <trkpt lat="46.527718" lon="12.009385">
        <ele>2678.808</ele>
        <time>2026-10-02T14:49:33.025Z</time>
      </trkpt>
      <trkpt lat="46.527709" lon="12.009286">
        <ele>2678.809</ele>
        <time>2026-10-02T14:49:44.025Z</time>
      </trkpt>
      <trkpt lat="46.527729" lon="12.009216">
        <ele>2678.654</ele>
        <time>2026-10-02T14:50:16.026Z</time>
      </trkpt>
      <trkpt lat="46.527733" lon="12.009149">
        <ele>2678.810</ele>
        <time>2026-10-02T14:50:21.025Z</time>
      </trkpt>
      <trkpt lat="46.527744" lon="12.009072">
        <ele>2679.441</ele>
        <time>2026-10-02T14:50:26.025Z</time>
      </trkpt>
      <trkpt lat="46.527747" lon="12.008999">
        <ele>2679.862</ele>
        <time>2026-10-02T14:50:31.025Z</time>
      </trkpt>
      <trkpt lat="46.527790" lon="12.008956">
        <ele>2680.166</ele>
        <time>2026-10-02T14:50:37.025Z</time>
      </trkpt>
      <trkpt lat="46.527789" lon="12.008887">
        <ele>2680.793</ele>
        <time>2026-10-02T14:50:56.025Z</time>
      </trkpt>
      <trkpt lat="46.527812" lon="12.008825">
        <ele>2681.397</ele>
        <time>2026-10-02T14:51:00.025Z</time>
      </trkpt>
      <trkpt lat="46.527828" lon="12.008757">
        <ele>2681.867</ele>
        <time>2026-10-02T14:51:05.025Z</time>
      </trkpt>
      <trkpt lat="46.527840" lon="12.008678">
        <ele>2682.364</ele>
        <time>2026-10-02T14:51:09.025Z</time>
      </trkpt>
      <trkpt lat="46.527845" lon="12.008602">
        <ele>2682.955</ele>
        <time>2026-10-02T14:51:13.025Z</time>
      </trkpt>
      <trkpt lat="46.527807" lon="12.008668">
        <ele>2683.407</ele>
        <time>2026-10-02T14:51:16.025Z</time>
      </trkpt>
      <trkpt lat="46.527759" lon="12.008707">
        <ele>2684.117</ele>
        <time>2026-10-02T14:51:21.025Z</time>
      </trkpt>
      <trkpt lat="46.527725" lon="12.008763">
        <ele>2684.509</ele>
        <time>2026-10-02T14:51:25.025Z</time>
      </trkpt>
      <trkpt lat="46.527693" lon="12.008824">
        <ele>2685.167</ele>
        <time>2026-10-02T14:51:30.025Z</time>
      </trkpt>
      <trkpt lat="46.527662" lon="12.008875">
        <ele>2685.343</ele>
        <time>2026-10-02T14:51:35.025Z</time>
      </trkpt>
      <trkpt lat="46.527620" lon="12.008849">
        <ele>2685.874</ele>
        <time>2026-10-02T14:51:52.025Z</time>
      </trkpt>
      <trkpt lat="46.527632" lon="12.008785">
        <ele>2686.445</ele>
        <time>2026-10-02T14:52:06.025Z</time>
      </trkpt>
      <trkpt lat="46.527639" lon="12.008717">
        <ele>2687.449</ele>
        <time>2026-10-02T14:52:13.025Z</time>
      </trkpt>
      <trkpt lat="46.527651" lon="12.008644">
        <ele>2688.176</ele>
        <time>2026-10-02T14:52:18.025Z</time>
      </trkpt>
      <trkpt lat="46.527658" lon="12.008579">
        <ele>2689.170</ele>
        <time>2026-10-02T14:52:24.026Z</time>
      </trkpt>
      <trkpt lat="46.527675" lon="12.008513">
        <ele>2690.790</ele>
        <time>2026-10-02T14:52:38.026Z</time>
      </trkpt>
      <trkpt lat="46.527656" lon="12.008442">
        <ele>2691.957</ele>
        <time>2026-10-02T14:52:45.026Z</time>
      </trkpt>
      <trkpt lat="46.527670" lon="12.008364">
        <ele>2693.046</ele>
        <time>2026-10-02T14:52:51.026Z</time>
      </trkpt>
      <trkpt lat="46.527664" lon="12.008289">
        <ele>2694.388</ele>
        <time>2026-10-02T14:52:57.026Z</time>
      </trkpt>
      <trkpt lat="46.527656" lon="12.008219">
        <ele>2695.716</ele>
        <time>2026-10-02T14:53:02.026Z</time>
      </trkpt>
      <trkpt lat="46.527649" lon="12.008150">
        <ele>2697.009</ele>
        <time>2026-10-02T14:53:13.026Z</time>
      </trkpt>
      <trkpt lat="46.527655" lon="12.008083">
        <ele>2698.166</ele>
        <time>2026-10-02T14:53:19.026Z</time>
      </trkpt>
      <trkpt lat="46.527647" lon="12.008015">
        <ele>2699.462</ele>
        <time>2026-10-02T14:53:30.026Z</time>
      </trkpt>
      <trkpt lat="46.527645" lon="12.007946">
        <ele>2700.263</ele>
        <time>2026-10-02T14:53:35.026Z</time>
      </trkpt>
      <trkpt lat="46.527670" lon="12.007878">
        <ele>2700.284</ele>
        <time>2026-10-02T14:53:43.026Z</time>
      </trkpt>
      <trkpt lat="46.527688" lon="12.007947">
        <ele>2700.268</ele>
        <time>2026-10-02T14:53:56.026Z</time>
      </trkpt>
      <trkpt lat="46.527735" lon="12.007949">
        <ele>2700.255</ele>
        <time>2026-10-02T14:54:03.026Z</time>
      </trkpt>
      <trkpt lat="46.527754" lon="12.007890">
        <ele>2700.249</ele>
        <time>2026-10-02T14:54:11.026Z</time>
      </trkpt>
      <trkpt lat="46.527698" lon="12.007871">
        <ele>2700.239</ele>
        <time>2026-10-02T14:54:28.027Z</time>
      </trkpt>
      <trkpt lat="46.527645" lon="12.007865">
        <ele>2700.326</ele>
        <time>2026-10-02T14:54:33.027Z</time>
      </trkpt>
      <trkpt lat="46.527631" lon="12.007930">
        <ele>2700.416</ele>
        <time>2026-10-02T14:54:37.027Z</time>
      </trkpt>
      <trkpt lat="46.527626" lon="12.007997">
        <ele>2700.476</ele>
        <time>2026-10-02T14:54:41.027Z</time>
      </trkpt>
      <trkpt lat="46.527627" lon="12.008063">
        <ele>2700.413</ele>
        <time>2026-10-02T14:54:45.027Z</time>
      </trkpt>
      <trkpt lat="46.527669" lon="12.008116">
        <ele>2700.409</ele>
        <time>2026-10-02T14:55:05.027Z</time>
      </trkpt>
      <trkpt lat="46.527642" lon="12.008183">
        <ele>2700.313</ele>
        <time>2026-10-02T14:55:21.027Z</time>
      </trkpt>
      <trkpt lat="46.527595" lon="12.008212">
        <ele>2700.379</ele>
        <time>2026-10-02T14:55:36.027Z</time>
      </trkpt>
      <trkpt lat="46.527620" lon="12.008271">
        <ele>2700.310</ele>
        <time>2026-10-02T14:55:40.027Z</time>
      </trkpt>
      <trkpt lat="46.527645" lon="12.008335">
        <ele>2700.371</ele>
        <time>2026-10-02T14:55:46.027Z</time>
      </trkpt>
      <trkpt lat="46.527645" lon="12.008407">
        <ele>2700.285</ele>
        <time>2026-10-02T14:55:52.027Z</time>
      </trkpt>
      <trkpt lat="46.527642" lon="12.008474">
        <ele>2699.542</ele>
        <time>2026-10-02T14:55:58.027Z</time>
      </trkpt>
      <trkpt lat="46.527636" lon="12.008553">
        <ele>2698.046</ele>
        <time>2026-10-02T14:56:05.027Z</time>
      </trkpt>
      <trkpt lat="46.527628" lon="12.008618">
        <ele>2696.696</ele>
        <time>2026-10-02T14:56:08.027Z</time>
      </trkpt>
      <trkpt lat="46.527610" lon="12.008690">
        <ele>2695.243</ele>
        <time>2026-10-02T14:56:13.027Z</time>
      </trkpt>
      <trkpt lat="46.527616" lon="12.008764">
        <ele>2694.065</ele>
        <time>2026-10-02T14:56:24.027Z</time>
      </trkpt>
      <trkpt lat="46.527610" lon="12.008834">
        <ele>2693.068</ele>
        <time>2026-10-02T14:56:31.027Z</time>
      </trkpt>
      <trkpt lat="46.527593" lon="12.008912">
        <ele>2691.614</ele>
        <time>2026-10-02T14:56:37.029Z</time>
      </trkpt>
      <trkpt lat="46.527578" lon="12.008990">
        <ele>2689.909</ele>
        <time>2026-10-02T14:56:41.029Z</time>
      </trkpt>
      <trkpt lat="46.527612" lon="12.009048">
        <ele>2688.518</ele>
        <time>2026-10-02T14:56:45.029Z</time>
      </trkpt>
      <trkpt lat="46.527568" lon="12.009084">
        <ele>2687.864</ele>
        <time>2026-10-02T14:56:52.029Z</time>
      </trkpt>
      <trkpt lat="46.527519" lon="12.009067">
        <ele>2687.645</ele>
        <time>2026-10-02T14:56:58.029Z</time>
      </trkpt>
      <trkpt lat="46.527484" lon="12.008992">
        <ele>2687.676</ele>
        <time>2026-10-02T14:57:06.029Z</time>
      </trkpt>
      <trkpt lat="46.527433" lon="12.008979">
        <ele>2687.640</ele>
        <time>2026-10-02T14:57:11.029Z</time>
      </trkpt>
      <trkpt lat="46.527384" lon="12.008991">
        <ele>2687.527</ele>
        <time>2026-10-02T14:57:16.029Z</time>
      </trkpt>
      <trkpt lat="46.527249" lon="12.009009">
        <ele>2687.241</ele>
        <time>2026-10-02T14:57:22.103Z</time>
      </trkpt>
      <trkpt lat="46.527568" lon="12.008784">
        <ele>2689.261</ele>
        <time>2026-10-02T14:57:55.065Z</time>
      </trkpt>
      <trkpt lat="46.527529" lon="12.008729">
        <ele>2689.368</ele>
        <time>2026-10-02T14:57:56.067Z</time>
      </trkpt>
      <trkpt lat="46.527580" lon="12.008739">
        <ele>2689.426</ele>
        <time>2026-10-02T14:57:58.029Z</time>
      </trkpt>
      <trkpt lat="46.527540" lon="12.008783">
        <ele>2689.647</ele>
        <time>2026-10-02T14:58:00.029Z</time>
      </trkpt>
      <trkpt lat="46.527547" lon="12.008882">
        <ele>2689.811</ele>
        <time>2026-10-02T14:58:04.029Z</time>
      </trkpt>
      <trkpt lat="46.527502" lon="12.008957">
        <ele>2690.209</ele>
        <time>2026-10-02T14:58:07.029Z</time>
      </trkpt>
      <trkpt lat="46.527453" lon="12.009004">
        <ele>2690.634</ele>
        <time>2026-10-02T14:58:09.029Z</time>
      </trkpt>
      <trkpt lat="46.527413" lon="12.009034">
        <ele>2690.670</ele>
        <time>2026-10-02T14:58:10.029Z</time>
      </trkpt>
      <trkpt lat="46.527374" lon="12.009070">
        <ele>2690.691</ele>
        <time>2026-10-02T14:58:11.029Z</time>
      </trkpt>
      <trkpt lat="46.527322" lon="12.009071">
        <ele>2690.632</ele>
        <time>2026-10-02T14:58:13.029Z</time>
      </trkpt>
      <trkpt lat="46.527276" lon="12.009077">
        <ele>2690.656</ele>
        <time>2026-10-02T14:58:16.029Z</time>
      </trkpt>
      <trkpt lat="46.527241" lon="12.009123">
        <ele>2690.673</ele>
        <time>2026-10-02T14:58:18.029Z</time>
      </trkpt>
      <trkpt lat="46.527206" lon="12.009165">
        <ele>2690.657</ele>
        <time>2026-10-02T14:58:20.029Z</time>
      </trkpt>
      <trkpt lat="46.527155" lon="12.009219">
        <ele>2690.787</ele>
        <time>2026-10-02T14:58:23.029Z</time>
      </trkpt>
      <trkpt lat="46.527329" lon="12.009216">
        <ele>2690.864</ele>
        <time>2026-10-02T14:58:25.104Z</time>
      </trkpt>
      <trkpt lat="46.527645" lon="12.009314">
        <ele>2690.772</ele>
        <time>2026-10-02T14:58:53.091Z</time>
      </trkpt>
      <trkpt lat="46.527613" lon="12.009385">
        <ele>2690.713</ele>
        <time>2026-10-02T14:58:54.092Z</time>
      </trkpt>
      <trkpt lat="46.527613" lon="12.009296">
        <ele>2690.714</ele>
        <time>2026-10-02T14:58:55.074Z</time>
      </trkpt>
      <trkpt lat="46.527606" lon="12.008107">
        <ele>2690.709</ele>
        <time>2026-10-02T14:58:58.073Z</time>
      </trkpt>
      <trkpt lat="46.527608" lon="12.007946">
        <ele>2690.719</ele>
        <time>2026-10-02T14:58:59.071Z</time>
      </trkpt>
      <trkpt lat="46.527598" lon="12.007872">
        <ele>2690.745</ele>
        <time>2026-10-02T14:59:02.059Z</time>
      </trkpt>
      <trkpt lat="46.527600" lon="12.007783">
        <ele>2690.816</ele>
        <time>2026-10-02T14:59:06.057Z</time>
      </trkpt>
      <trkpt lat="46.527596" lon="12.007712">
        <ele>2691.317</ele>
        <time>2026-10-02T14:59:11.050Z</time>
      </trkpt>
      <trkpt lat="46.527562" lon="12.007771">
        <ele>2691.751</ele>
        <time>2026-10-02T14:59:16.050Z</time>
      </trkpt>
      <trkpt lat="46.527551" lon="12.007881">
        <ele>2692.778</ele>
        <time>2026-10-02T14:59:18.051Z</time>
      </trkpt>
      <trkpt lat="46.527567" lon="12.008102">
        <ele>2693.652</ele>
        <time>2026-10-02T14:59:19.053Z</time>
      </trkpt>
      <trkpt lat="46.527604" lon="12.008062">
        <ele>2693.712</ele>
        <time>2026-10-02T14:59:21.049Z</time>
      </trkpt>
      <trkpt lat="46.527615" lon="12.007991">
        <ele>2693.879</ele>
        <time>2026-10-02T14:59:24.045Z</time>
      </trkpt>
      <trkpt lat="46.527612" lon="12.007900">
        <ele>2693.953</ele>
        <time>2026-10-02T14:59:26.046Z</time>
      </trkpt>
      <trkpt lat="46.527618" lon="12.007819">
        <ele>2693.904</ele>
        <time>2026-10-02T14:59:29.045Z</time>
      </trkpt>
      <trkpt lat="46.527651" lon="12.008135">
        <ele>2693.914</ele>
        <time>2026-10-02T14:59:45.042Z</time>
      </trkpt>
      <trkpt lat="46.527662" lon="12.008681">
        <ele>2693.909</ele>
        <time>2026-10-02T14:59:47.042Z</time>
      </trkpt>
      <trkpt lat="46.527672" lon="12.008745">
        <ele>2693.997</ele>
        <time>2026-10-02T14:59:51.042Z</time>
      </trkpt>
      <trkpt lat="46.527673" lon="12.008820">
        <ele>2693.933</ele>
        <time>2026-10-02T14:59:52.043Z</time>
      </trkpt>
      <trkpt lat="46.527676" lon="12.008889">
        <ele>2693.924</ele>
        <time>2026-10-02T14:59:59.043Z</time>
      </trkpt>
      <trkpt lat="46.527663" lon="12.008953">
        <ele>2693.985</ele>
        <time>2026-10-02T15:00:09.044Z</time>
      </trkpt>
      <trkpt lat="46.527615" lon="12.008930">
        <ele>2693.989</ele>
        <time>2026-10-02T15:00:16.042Z</time>
      </trkpt>
      <trkpt lat="46.527559" lon="12.008473">
        <ele>2694.096</ele>
        <time>2026-10-02T15:05:21.044Z</time>
      </trkpt>
      <trkpt lat="46.527529" lon="12.008403">
        <ele>2693.260</ele>
        <time>2026-10-02T15:05:29.043Z</time>
      </trkpt>
      <trkpt lat="46.527494" lon="12.008340">
        <ele>2692.440</ele>
        <time>2026-10-02T15:05:32.042Z</time>
      </trkpt>
      <trkpt lat="46.527460" lon="12.008284">
        <ele>2692.217</ele>
        <time>2026-10-02T15:05:34.043Z</time>
      </trkpt>
      <trkpt lat="46.527420" lon="12.008357">
        <ele>2692.086</ele>
        <time>2026-10-02T15:05:36.043Z</time>
      </trkpt>
      <trkpt lat="46.527445" lon="12.008803">
        <ele>2690.460</ele>
        <time>2026-10-02T15:07:18.043Z</time>
      </trkpt>
      <trkpt lat="46.527428" lon="12.009032">
        <ele>2690.426</ele>
        <time>2026-10-02T15:07:19.045Z</time>
      </trkpt>
      <trkpt lat="46.527488" lon="12.008939">
        <ele>2690.409</ele>
        <time>2026-10-02T15:07:21.047Z</time>
      </trkpt>
      <trkpt lat="46.527487" lon="12.008805">
        <ele>2690.310</ele>
        <time>2026-10-02T15:07:23.050Z</time>
      </trkpt>
      <trkpt lat="46.527512" lon="12.008863">
        <ele>2690.396</ele>
        <time>2026-10-02T15:07:31.059Z</time>
      </trkpt>
      <trkpt lat="46.527518" lon="12.008948">
        <ele>2690.337</ele>
        <time>2026-10-02T15:07:34.061Z</time>
      </trkpt>
      <trkpt lat="46.527532" lon="12.009039">
        <ele>2690.328</ele>
        <time>2026-10-02T15:07:37.059Z</time>
      </trkpt>
      <trkpt lat="46.527510" lon="12.008682">
        <ele>2690.432</ele>
        <time>2026-10-02T15:07:47.050Z</time>
      </trkpt>
      <trkpt lat="46.527554" lon="12.008723">
        <ele>2690.579</ele>
        <time>2026-10-02T15:07:48.051Z</time>
      </trkpt>
      <trkpt lat="46.527602" lon="12.008852">
        <ele>2690.573</ele>
        <time>2026-10-02T15:07:51.052Z</time>
      </trkpt>
      <trkpt lat="46.527564" lon="12.008777">
        <ele>2690.713</ele>
        <time>2026-10-02T15:07:54.050Z</time>
      </trkpt>
      <trkpt lat="46.527574" lon="12.008713">
        <ele>2690.970</ele>
        <time>2026-10-02T15:07:58.050Z</time>
      </trkpt>
      <trkpt lat="46.527517" lon="12.008666">
        <ele>2691.928</ele>
        <time>2026-10-02T15:09:31.044Z</time>
      </trkpt>
      <trkpt lat="46.527471" lon="12.008720">
        <ele>2692.589</ele>
        <time>2026-10-02T15:09:32.042Z</time>
      </trkpt>
      <trkpt lat="46.527532" lon="12.008690">
        <ele>2693.217</ele>
        <time>2026-10-02T15:09:54.041Z</time>
      </trkpt>
      <trkpt lat="46.527533" lon="12.008570">
        <ele>2693.309</ele>
        <time>2026-10-02T15:11:34.040Z</time>
      </trkpt>
      <trkpt lat="46.527580" lon="12.008509">
        <ele>2693.324</ele>
        <time>2026-10-02T15:14:42.040Z</time>
      </trkpt>
    </trkseg>
  </trk></gpx>